体育	马晓旭意外受伤让国奥警惕 无奈大雨格外青睐殷家军记者傅亚雨沈阳报道 来到沈阳，国奥队依然没有摆脱雨水的困扰。7月31日下午6点，国奥队的日常训练再度受到大雨的干扰，无奈之下队员们只慢跑了25分钟就草草收场。31日上午10点，国奥队在奥体中心外场训练的时候，天就是阴沉沉的，气象预报显示当天下午沈阳就有大雨，但幸好队伍上午的训练并没有受到任何干扰。下午6点，当球队抵达训练场时，大雨已经下了几个小时，而且丝毫没有停下来的意思。抱着试一试的态度，球队开始了当天下午的例行训练，25分钟过去了，天气没有任何转好的迹象，为了保护球员们，国奥队决定中止当天的训练，全队立即返回酒店。在雨中训练对足球队来说并不是什么稀罕事，但在奥运会即将开始之前，全队变得“娇贵”了。在沈阳最后一周的训练，国奥队首先要保证现有的球员不再出现意外的伤病情况以免影响正式比赛，因此这一阶段控制训练受伤、控制感冒等疾病的出现被队伍放在了相当重要的位置。而抵达沈阳之后，中后卫冯萧霆就一直没有训练，冯萧霆是7月27日在长春患上了感冒，因此也没有参加29日跟塞尔维亚的热身赛。队伍介绍说，冯萧霆并没有出现发烧症状，但为了安全起见，这两天还是让他静养休息，等感冒彻底好了之后再恢复训练。由于有了冯萧霆这个例子，因此国奥队对雨中训练就显得特别谨慎，主要是担心球员们受凉而引发感冒，造成非战斗减员。而女足队员马晓旭在热身赛中受伤导致无缘奥运的前科，也让在沈阳的国奥队现在格外警惕，“训练中不断嘱咐队员们要注意动作，我们可不能再出这样的事情了。”一位工作人员表示。从长春到沈阳，雨水一路伴随着国奥队，“也邪了，我们走到哪儿雨就下到哪儿，在长春几次训练都被大雨给搅和了，没想到来沈阳又碰到这种事情。”一位国奥球员也对雨水的“青睐”有些不解。
体育	商瑞华首战复仇心切 中国玫瑰要用美国方式攻克瑞典多曼来了，瑞典来了，商瑞华首战求3分的信心也来了。距离首战72小时当口，中国女足彻底从“恐瑞症”当中获得解脱，因为商瑞华已经找到了瑞典人的软肋。找到软肋，保密4月20日奥运会分组抽签结果出来后，中国姑娘就把瑞典锁定为关乎奥运成败的头号劲敌，因为除了浦玮等个别老将之外，现役女足将士竟然没有人尝过击败瑞典的滋味。在中瑞两队共计15次交锋的历史上，中国队6胜3平6负与瑞典队平分秋色，但从2001年起至今近8年时间，中国在同瑞典连续5次交锋中均未尝胜绩，战绩为2平3负。尽管八年不胜瑞典曾一度成为谢亚龙聘请多曼斯基的理由之一，但这份战绩表也成为压在姑娘们身上的一座大山，在奥运备战过程中越发凸显沉重。或许正源于此，商瑞华才在首战前3天召开了一堂完全针对“恐瑞症”的战术分析课。3日中午在喜来登大酒店中国队租用的会议室里，商瑞华给大家播放了瑞典队的比赛录像剪辑。这是7月6日瑞典在主场同美国队进行的一场奥运热身赛，当时美国队头牌射手瓦姆巴赫还没有受伤，比赛当中双方均尽遣主力，占据主场优势的瑞典队曾一度占据上风，但终究还是在定位球防守上吃了亏，美国队在下半场的一次角球配合中，通过远射打进唯一进球，尽管慢动作显示是打在瑞典队后卫腿上弹射入网，但从过程到结果，均显示了相同内容——“瑞典队的防守并非无懈可击”。商瑞华让科研教练曹晓东等人对这场比赛进行精心剪辑，尤其是瑞典队失球以及美国队形成有威胁射门的片段，更是被放大进行动作分解，每一个中国姑娘都可以一目了然地看清瑞典队哪些地方有机可乘。甚至之前被商瑞华称为“恐怖杀手”的瑞典8号谢琳，也在这次战术分解过程中被发现了不足之处。姑娘们心知肚明并开心享受对手软肋被找到的欢悦，但却必须对记者保密，某主力球员说：“这可不能告诉外界，反正我们心里有数了，知道对付这个速度奇快的谢琳该怎么办！”老帅的“瑞典情结”就像中国队8年不胜瑞典一样，瑞典队也连续遭遇对美国队的溃败：去年阿尔加夫杯瑞典0比1不敌美国，世界杯小组赛上瑞典0比2被美国完胜，今年阿尔加夫杯美国人再次击败瑞典，算上7月6日一役，瑞典遇到美国连平局都没有，竟然是4连败！3日中午的这堂战术分析课后，“用美国人的方式击败瑞典”已经成为中国女足将士的共同心声。姑娘们当然有理由这样去憧憬，因为在7月30日奥运会前最后一场热身赛中，中国女足便曾0比0与强大的美国队握手言和。在3日中午的战术分析课上，这场中美热身也被梳理出片段，与姑娘们一道完成总结。点评过程中，商瑞华对大家在同美国队比赛中表现出来的逼抢意识，给予很高评价。主帅的认可和称赞，更是在大家潜意识里强化了“逼抢的价值”，就连排在18人名单外的候补球员都说：“既然我们能跟最擅长逼抢的美国队玩逼抢，当然有信心跟瑞典队也这么打”，姑娘们都对打好首战的信心越来越强。“我们当然需要低调，但内心深处已经再也没有对瑞典的恐惧，只要把我们训练中的内容打出来，就完全有可能击败瑞典”，这堂战术讨论课后，不止一名球员向记者表达着对首战获胜的渴望。商瑞华心中的“瑞典情结”其实最重，不仅仅因为他是主帅，17年前商瑞华首次担任中国女足主帅时所遭遇的滑铁卢，正是源自1991年世界杯中国0比1被瑞典淘汰所致。抽签出来后面对与瑞典同组，64岁的老帅那份复仇的雄心也潜滋暗长，在5月上旬和7月中旬，商瑞华曾连续两次前往欧洲在现场刺探瑞典军情，真正对瑞典队的特点达到了如指掌的程度。昨天中午的战术讨论课后，商瑞华告诉记者：“瑞典队和所有其他队伍一样有优点也有不足，我们如果能够扬长避短拿对方的不足做文章，就有可能击败对手。从奥运会备战阶段看来，中国队战术上打得比较快的特点基本已经成型，边路也不错，在前场抢截后快速发动进攻的能力也逐步增强。我很清楚瑞典队世界排名第3而我们排第14，但承认差距不等于接受失败，我当然想赢。”
体育	冠军球队迎新欢乐派对 黄旭获大奖张军赢下PK赛新浪体育讯12月27日晚，“冠军高尔夫球队迎新高球欢乐派对”活动在北京都市名人高尔夫俱乐部举行。邢傲伟、黄旭、邹凯、滕海滨、杨凌、马燕红、张军、王丽萍、杨影、阎森、毕文静、夏煊泽、张璇、叶乔波、莫慧兰、周雅菲、胡妮、戴菲菲、马健等奥运冠军、世界冠军参加了当晚的活动。“以球会友、联谊交流”为宗旨的冠军高尔夫球队，从创立之初就秉承关爱社会、回馈社会的价值观。此次迎新派对活动的举行，标志着这个为中国金牌运动员提供的放松身心、以球会友的平台正式全面启动。球队已经与都市名人高尔夫俱乐部、华堂国际高尔夫球会等单位签订了合作意向，为冠军球队的日常训练提供鼎立支持。由毕文静、邢傲伟两位体操世界冠军担当主持的派对活动，从始至终沉浸在一片片欢声笑语之中，游戏、抽奖、PK赛环环相扣的精彩，让到场的冠军运动员们根本无暇享用俱乐部提供的美味食品，长期经历刻苦训练与高度紧张工作的他们，享受了一个难得的轻松夜晚。三人赛前PK 张军拔得头筹派对活动还未正式开始，张军、夏煊泽、邢傲伟等冠军已经经不起高尔夫的“诱惑”，纷纷在打位上一试身手。三位世界冠军冠军先后向九宫格游戏发起挑战，见到他们如此热情，一旁的外籍教练也赶忙上前为他们稍加指导，调整瞄准方向、控制挥杆节奏、注意手腕姿态。调整的效果立竿见影，张军在三人PK赛中，三次机会两次击中目标区域，夏煊泽一次将球击中，而邢傲伟由于抽到了难度极大的“2”号区域，最终排名最后。夏煊泽成“寻宝之王” 张璇小女儿无辜“挨抓”夏煊泽虽然在三人PK赛中惜败给张军，但是在随后的游戏环节却大展身手。主持人毕文静请出夏煊泽、周雅菲、王丽萍、滕海滨等5人参加“寻宝”游戏，毕文静提出的第一件宝贝是--眼镜，五人立刻冲向在场所有戴着眼镜的人士，一声不响的直接摘下对方的眼镜，嘴里还要求对方翻看包里是否有墨镜。眼看时间即将截止，周雅菲收刮着两把眼镜走向前台，夏煊泽见状，直接把其余三位参赛选手的战利品收归自己所有，一举反超，拿到第一次“寻宝”活动的优胜。第二次“寻宝”，毕文静嘴里的“皮筋”二字还没完全落定，只见五人迅速冲向在场的女士，周雅菲一把抓向张璇小女儿的鞭子，面对这突如其来的一抓，小姑娘不知所措，无辜的放声大哭，周雅菲一脸尴尬。而一旁的夏煊泽“人缘”好，几位女士纷纷把头上、手腕、包内的皮筋“贡献”给他，而经过一翻艰苦搜寻后颇有成绩的王丽萍也未能在这个环节战胜夏煊泽。凭借着两个环节的绝对优势，夏煊泽成为当晚的“寻宝之王”。奥运冠军高尔夫初体验 “老虎-伍兹”很无奈到场的几位冠军运动员此前没有接触过高尔夫，现场的气氛感染着她们第一次握起高尔夫球杆。乒乓球世界冠军杨影到了现场之后一直在和朋友聊天，看到夏煊泽、张军等人在打位上打得正兴，杨影也想一试身手。夏煊泽很绅士的让出打位，但是杨影表示自己以前还没打过高尔夫，夏煊泽于是耐心的从握杆开始进行临时“指导”。莫慧兰对视频模拟器兴趣颇深，于是和花游名将胡妮一起玩起了游戏。莫慧兰选用“老虎-伍兹”，对阵胡妮的“约翰-达利”。两人你一杆，我一杆进行比杆赛，两洞下来，“老虎”的成绩已经“+10”，第三洞果岭上，“老虎”伍兹连推了三下，小球还是没能滚进洞杯，搞得“世界第一”仰天长叹，莫慧兰看着屏幕上老虎的表情，满脸微笑的说了一句“今天老虎伍兹非常无奈啊”，周围一帮人等瞬时爆出会心的笑声。黄旭喜获大奖 目标冲进“90内”派对活动的幸运抽奖贯穿始终，一个个奖项逐渐颁出，而身为“队副”的黄旭仍然一脸无奈的坐在一旁，不时向抽奖司仪邢傲伟和毕文静“抗议”，当一等奖被王丽萍和莫慧兰抽中后，黄旭就只剩下最后的特等奖一个机会。在抽奖嘉宾--高夫莱德公司总经理张茜女士耐心的摇动抽奖箱后，她抽出的卡片上赫然写着--夏煊泽，现场的冠军们同声“抗议”，此前已经屡获奖品的夏煊泽被无情的剥夺了特等奖的资格。随后黄旭的名字终于出现在了张茜女士手中的卡片上，面对这一期盼已久的大奖，黄旭兴奋的高举双臂，一边与身旁的夏煊泽开玩笑，要分一半奖品给他，一边走上台去带给他幸运的张茜女士击掌庆贺。都市高尔夫为特等奖的黄旭提供的奖品是一张价值4000元的VIP教程卡。拿到奖品后，黄旭一再追问教练，上完VIP卡提供的教程后，自己能否突破90杆。俱乐部的外籍教练听到黄旭的雄心壮志，微笑着向黄旭提出交换条件--“我教你高尔夫，但是你得教我体操。”(Lai)
体育	辽足签约危机引注册难关 高层威逼利诱合同笑里藏刀新浪体育讯2月24日，辽足爆发了集体拒签风波，不签合同，辽足的注册问题就很棘手。与往年一样，辽足总会遇到注册危机，但最后都是跌跌撞撞地蒙混过关。今年，辽宁宏运集团派遣在俱乐部的黄姓秘书和副总隋言在海埂遭到的不同于往年的抵抗。这次去签约，辽足的合同是备受质疑的焦点。他们用五年月薪1000元的合同困住了从预备队调上来的年轻球员，用恐吓和威逼迫使他们在合同上签字。这样的合同无疑是包身工般的合同，从20岁到25岁，这些球员年收入12000元，还不如做饭店服务员多。而球队的老队员，对于这种场面已经习以为常，他们空前团结地拒绝签字。老队员的合同虽然有每年增加20%的条款，但是决定性的前提，如果冲超不成功，工资将减半。这是一个典型的阴谋，以辽足俱乐部目前的各项工作进展，冲超可能性很小，也就是说，这样的合同是一个明摆着笑里藏刀的合同，表面上工资奖金有提高的可能，实际上又大幅削减，倒不如俱乐部站出来说不冲超了，主力球员的工资奖金减半，这也似乎符合中甲俱乐部的现状，而俱乐部偏偏要拿一个冲超的幌子来作秀。辽足从1995年降级到宏运接手之前，每年都遇到合同的问题，当年在海埂，球员们也曾经集体拒绝俱乐部的合同，很多球员一直到年底都没有签，只是如数拿工资和奖金。这种情况在1999年到2003年都有存在，但是那时候辽足的边缘型替补球员都能拿到一万块钱，而预备队球员的工资最高也有8000左右的。张曙光在辽足最困难的时候也曾经遇到过这种情况，一方面是要债的人到足协提供材料，一方面是球员们拒签，最后也是通过各种关系摆平危机，但前提必须答应给人钱。最差的，也是给当事人留下欠条，虽然当时换不上，但答应以后换上，这也给债权人一个底，实在不行可以通过法律程序来解决。而2008赛季，宏运集团在支付球队各项费用方面非常困难，虽然俱乐部老板一再强调有钱，但是支付起来却拖沓得很。在辽足保级的关键阶段，球队只有主力球员可以拿到工资，18人名单以外的人根本拿不到钱。在赛季结束之后，俱乐部勉强把2008年的工资补齐了，但比赛奖金却迟迟没有到位，累计有300万之多。而与此同时，离开辽足的球员孙峰、王超等球员多次索要工资未果，只能到足协求救，这其中还有离开辽足的教练赵发庆。据说，前任辽足总经理程鹏辉也到足协递交了材料，准备向辽足讨薪，但是24日这天程鹏辉否认了这个说法，他认为自己的工资奖金不成问题，他也相信宏运集团会妥善解决拖欠问题，“我觉得还没到那种程度呢。”离开辽足的很多教练，其中包括现在长春亚泰担任主教练的李树斌都认为，2009赛季是辽足冲超的最好机会，“因为今年中甲各个队的投入都不大，很多俱乐部都缺乏冲超的积极性，都在减缩开支，如果辽足真想冲超的话，2009赛季希望很大。”辽足冲超，拿什么冲？辽足自己都不知道！对于2009年的目标，辽足有些迷茫，虽然主力阵容保持得比较完整，但是俱乐部的投入随之锐减。很多时候俱乐部的员工都在感叹，钱从哪里来啊？最近一段时间，俱乐部又有几个员工离开，辽足成了真正的袖珍俱乐部。而这些人对来年冲超有多大信心，很难说。有人曾经感叹说：“我们必须喊中超，但是冲不冲得上去，那就看行动了。口号是必须要喊的……”喊口号谁都会，辽足也会喊，可是喊出来之后怎么做，宏运似乎有自己的打算了。这次签约行动就是一个开始。可以肯定的是，球员不签约，俱乐部拖欠的款项不支付，辽足是无法完成注册的。宏运缺乏足球管理经验，更缺乏危机公关的经验，在俱乐部的管理和球队管理方面缺乏战略性思维，更没有气魄，而这次注册危机将给他们带来严峻的考验。签还是不签，这是个问题！对于饱经沧桑的辽足球员来说，这个合同只是他们球员生涯当中比较特殊的一个。而球员们此时最需要的是辽足俱乐部坦诚的态度。(徐铮)
体育	揭秘谢亚龙被带走：总局电话骗局 复制南杨轨迹体坛周报特约记者张锐北京报道  谢亚龙已经被公安部门正式宣布“立案侦查”，但谢亚龙等人是哪一天被辽宁警方带走的？又是如何被带走的？外界有着很多种版本。但来自内部的消息显示，谢亚龙等人被带走，其实是与南、杨被带走时如出一辙。9月3日(周五)下午4点左右，谢亚龙在中体产业办公室里接到了一个电话。这个电话来自于国家体育总局，要求他赶往总局参加一个会议，至于会议内容并没有说明。对下属打了一声招呼之后，谢亚龙便出了门。到了总局之后，谢才了解到“会议的内容”——辽宁警方在等待着他。没有任何预兆，谢亚龙被警方带到了沈阳。这样的方式，与年初南杨二人被带走如出一辙。当时，南杨也是接到总局领导的电话，要求连夜去参加一个紧急会议，一到总局便被辽宁警方带走。换而言之，警方带走谢亚龙等人，总局领导事先是知情的。而中体产业则并不知情，他们起初接到的信息谢亚龙仅仅只是去总局开会。所以，中体产业没有在第一时间发出谢亚龙协助调查的通告，后来在证监会的要求下才被动发出。外界一直猜测谢亚龙是协查还是自己有事，直到12日上午才有了答案，公安部网站“治安新闻”中出现《警方证实谢亚龙等被立案侦查》一文：“在侦办涉嫌利用足球比赛贿赂、赌博系列案件中，公安、检察机关多渠道获取对原中国足协副主席谢亚龙、原中国足协裁判委员会主任李冬生、原国家足球队领队蔚少辉等人涉案的线索和举报。在国家体育总局的配合下，专案组已依法对谢亚龙、李冬生、蔚少辉立案侦查。”当天中午央视新闻频道的新闻节目中，也报道了谢亚龙等人被立案侦查的消息。下午5点左右，各门户网站刊发了中国足协的声明：“公安机关依法对谢亚龙、李冬生、蔚少辉立案侦查，这是彻底整肃足坛、依法打击足球假、赌、黑治理行动的继续。足管中心坚决贯彻落实总局‘治理足球假、赌、黑违法犯罪行为，坚决惩治腐败，整顿足坛，坚决支持配合公安部门依法打击足球假、赌、黑违法犯罪行为，绝不姑息’的要求，做好自身工作。”距谢亚龙等人被警方带走，已经有10天。根据相关的法律，第14天(也就是9月16日)将会是一个“坎”，因为如果问题严重，在证据确凿的情况下，“立案侦查”将有可能演变为“正式逮捕”。
体育	阿的江：八一需重新定位 我们有机会但该进的没进新浪体育讯12月24日，回到主场的北京金隅迎战八一，四节苦战之后，北京队凭借出色表现以84比78险胜八一双鹿，赢取五连胜。赛后，八一双鹿队主教练阿的江点评比赛，“首先感谢媒体朋友们在平安夜来到篮球场观看比赛，气氛非常好，跟过节一样。这场比赛，是八一双鹿队开赛以来打得比较紧的一场比赛，无论是攻防成功率都非常低，特别是进攻， 许多该进的球都不进。做为我们来讲，回到北京想把比赛打好，却给自己背上一些包袱，毕竟联赛才刚刚开始，通过这场比赛，八一双鹿队要重新定位，八一双鹿队现在只是爬坡期，没有成为强队，如果认为自己赢了几场球就给自己造成压力，没有必要。现在是比赛初期，打了几场好球，但赢球之后 反而不能及时调整摆正位置的话，还会出现问题。漫长的联赛会出现各种各样的问题，祝贺北京队获得胜利，北京队每场比赛打得都非常有激情。 祝大家圣诞快乐。”问：北京队取得五连胜，请点评一下北京队的表现。阿的江：这场比赛的比分是84比78，说实话，两队得分都不高，但是八一双鹿队表现得比北京队更差，所以北京队获得胜利。现在北京队开赛取得五连 胜，是一个非常好的开局，我希望他们不要犯我们这场比赛的错误，能够以平常心来对待这些比赛的结果，胜利来之不易，但保持更难。我们也会认真准备。问：你觉得北京队赢在哪里？阿的江：北京队在胶着状态中把握住了机会，八一双鹿队同样也有机会，但该进的都没进，特别是在我们反超比赛的时候，防守出现一些漏洞，北京队及时抓住机会，北京队相对来说，抓机会比较合理。问：前三节都是平局，谈谈第四节吧，八一双鹿队好像失误多，命中率很低。阿的江：今天是八一双鹿队开赛以来得分最低的，不过第四节输给双外援这是第二次，实际上我们在第四节对抗双外援方面有进步，有改观。有些队员像大郅的状态起伏，比赛太紧，不能强求所有队员每场都表现很好，希望 他们逐步恢复状态，打、调相结合，今天的命中率不是他正常的命中率，非常差，这与他今年参加两个大赛，亚运会结束后就投入联赛有关系，作为他来讲也必须及时调整。其实今天的问题我们就是出在命中率上。这种比赛也少见，三节都打平，看得出两家在圣诞夜给球迷奉献了一场精彩的比赛。八一双鹿队队员许钟豪表示，“我们所有的队员都想打好这场比赛，确实给自 己背上一些包袱压力，接下来还有更多的比赛，我们还是脚踏实地重新开 始吧。”(小三儿)
体育	姚明未来次节出战成疑 火箭高层称将改变用姚战略新浪体育讯北京时间11月5日消息，休斯敦当地610电台连线采访火箭人事部副总裁格森-罗萨斯，探讨火箭目前的境况。罗萨斯表示姚明的恢复已经步入正轨，但是他也透露球队正在考虑是否减少姚明第二节的出场时间，以进一步提高他的效率。以下是采访内容摘译——看到0胜4负的开局，任何关心火箭的人都会感到不舒服。“没有人会感到开心。事实就是事实，这的确是一个糟糕的开局，我们相信在不久以后球队会迎来一个爆发，但是目前我们能做的就是认真训练备战马刺，保持全队的团结一致。”罗萨斯说。据罗萨斯的分析，一支成功的球队绝对不会重攻轻守或者重守轻攻。“成为一支出色的球队，就必须做到攻守平衡。在过去几场比赛中，我们在进攻上的表现要强于防守表现，其实，我们的第一场表现不错，有过一些防守闪光点，但是我们没有抓住机会，”罗萨斯说，“这是成长的代价，我们需要在未来几场比赛中让攻防更加平衡些。在赛程上，我们确实比较艰难，但这个不是借口，我们本该拿下其中一些场次，但是我们并没有做到。”论及四连败的原因，罗萨斯认为这是综合因素导致。“没有一个特定的原因，默契程度不够是一个原因，另一个原因是球员的状态不好，比如凯尔-洛瑞，伤病让他受到限制。当然，我们还需要在防守篮板方面做的更好，让防守表现更稳定一点。如何保护篮下，是一个非常重要的问题。”采访的最后，罗萨斯专门点评了过去几场比赛姚明的表现。一个值得注意的事实是姚明没有在任何一场比赛的最后关头出现。他到底存在哪些问题？罗萨斯说：“姚明的问题，我们和教练组探讨过。根据场上对手的变化，教练组会做出一些调整，我个人觉得教练的安排是没有问题，在某些时候不安排姚明上场是正常的。由于姚明第二节的效率不高，关于姚明的使用需要一些变化，在未来一段时间，我们甚至会考虑让姚明少打甚至不打第二节。但是总体看来，姚明每一天的情况都会更好一些，比如，他对时机的判断能力有所提高了。就像之前说的，这是一个漫长的过程，不过我们可以确定，姚明已经在正确的轨道之上了。”(肥仔)
体育	姚明：我来承担一切 四连败巨人宣言酷似当年麦蒂新浪体育讯北京时间11月5日消息，据《休斯敦纪事报》专栏记者乔纳森-费根报道，姚明非常渴望获得一场胜利，他甚至用了当年队友麦蒂惯用的句式“It's on me(我来承担一切)”，以下是文章内容摘译——四连败，另一支德州球队也曾经在四年前遭遇过。2006-07赛季，达拉斯小牛开局即遭四连败，不过随后他们越战越勇，取得了常规赛67胜，那个赛季联盟最好的常规赛战绩。火箭不指望自己能变成当年勇猛的小牛，也不想琢磨他们到底能拿到多少场胜利，他们想要的就是一场胜利。“我们需要一场胜利，不管下个对手是谁，不管他们的实力如何，我们要的就是一场胜利，”姚明说，“我迫切希望看到这场胜利，我的队友也一样，我们的球迷也一样。为了这场胜利，我简直都快失眠了。”身为这支球队里为火箭效力场次最多的球员，姚明有一种自然而然的责任感，他不希望看到西部垫底的球队是休斯敦火箭。“我们来承担一切(It's all on us)，”姚明说，“我来承担一切，每个队友都要承担一切，这是我们共同的责任(It's on me. It's on each of my teammates. It's on us)。”姚明的这席话，让人很容易联想起当年的麦蒂，他也曾经用过这个句式，“我来承担一切”，可是姚明和麦蒂最大的不同，在于他还多了一个“我们”，他知道胜利需要靠队友和自己团结一心去获得，一个人的力量是不可能打败一支球队的。如今，麦蒂已经离开这支球队，投奔底特律活塞，只是有点讽刺意味的是目前活塞和火箭竟然分别在东西部垫底。过去四场失败，阿德尔曼归咎于“态度”问题，姚明也很自责。回顾上一场比赛，阿帅在最后关头换下了自己，姚明没有怨言，也没有质疑，因为他知道为什么阿德尔曼要换下自己。谈到那场球，姚明说：“我丢掉了一个关键的防守篮板，正是那个篮板的丢失，让保罗投进了一个致命的三分球，如果我抢到那个篮板，情况很可能就不一样了，我们就有希望重新取得领先，那时候只剩下2分钟了，整个势头就不同了，我们就可能是最后的胜利者。”不过，世上没有后悔药可吃，姚明也不可能重新抢回那个篮板。他和队友都知道一切都要往前看，一场胜利可能就是扭转球队不利局面的关键。就像他的队友马丁说的那样：“不能获胜的话，我们的压力就会一天比一天大，是的，现在我们还有78场比赛没打，但是我们不能坐在这儿看着球队的战绩变成0胜12负，然后说我们还有70场比赛没打。我们必须尽快拿下一场胜利。”这是马丁的心声，也是所有火箭人的心声。(肥仔)
体育	姚麦均无胜殊途同归 活塞酝酿交易火箭不如插一脚新浪体育讯火箭和活塞，是全联盟仅存的两支没有胜绩的球队，所谓殊途同归——姚明和特雷西-麦克格雷迪这对多年搭档，竟在此时面临着相似的命运。刚刚复出的姚明虽有不少高效的表演，但24分钟的限令让他距离当年的内线超级明星相去甚远，麦蒂更是在活塞体会到了从巨星到凡人的变化。两人现在都面临着伤病问题，所处的两支球队似乎都到了各自的节点：是接受大交易推倒重建，还是继续维持稳定阵容，这些不仅将影响球队的命运，也将决定姚明和麦蒂的命运。活塞今年的失败是可以预想到的，他们上赛季便已经面临各种问题，只是几大核心的先后受伤，让问题不止于太过消极，但新赛季里查德-汉密尔顿乃至泰肖恩-普林斯等老核心同时归位后，活塞问题依旧使得他们仅存的一点幻想都已破灭。说到底，活塞当初利用薪金空间签来的本-戈登和查理-维拉纽瓦，是活塞此次灾难的本源。在自由人市场上载了跟头的总裁乔-杜马斯，似乎希望通过交易来扭转命运。同样的情况何尝没有出现在火箭身上，只是剧本略作改动罢了。上赛季姚明赛季报销，总经理达瑞-莫雷就在自由球员市场投下巨资，全额中产签约特雷沃-阿里扎。那个缺少核心的赛季，火箭超过5成的战绩博得了阵阵掌声。只是这样的情况并没有延续到这个赛季，随着姚明的复出，火箭反而遭遇4连败，只差一场就要追上11年前开赛5连败的耻辱。这样的战绩，还是能够很好的说明火箭在夏季自由球员和转会市场上的成败的。将阿里扎换成库特尼-李，火箭最大的出发点无非是省钱，这已经算是一种承认失败的举动。然后再看今年开出500万年薪找来的布拉德-米勒，上赛季用卡尔-兰德里、麦蒂换来的凯文-马丁等人，以及高薪留队的路易斯-斯科拉和凯尔-洛里，这些新鲜血液的加入还未能为火箭带来一场胜利。此时所有关心火箭的人都该恍若大悟，原来这个夏天莫雷火急火燎明目张胆的追逐克里斯-波什和卡梅罗-安东尼的原因是如此的显眼：即使是火箭高层，也并不认为现有阵容足够好，他们预见到了目前的困难局面。从两支球队在这个夏天的举动，乃至目前的情况看，大交易都是再所难免。有趣的是，两队都曾追逐过安德烈-伊格达拉和安东尼，这使得两队多少能够产生不少交集，虽说还未有消息显示两队会直接发生交易，但至少从当初活塞开出过昌西-比卢普斯外加普林斯交易麦蒂的举动，能够看出两队高层实际上交流还是很多的。先让我们看看两队目前存在的严重缺陷、交易目标以及未来走向，再来看看可能潜在的交易。昨日几大美国媒体都爆出活塞在酝酿大交易，某美国体育著名杂志甚至透露目前总裁杜马斯希望清理门户，普林斯和汉密尔顿都已经被摆上台面。而活塞目前最有可能的交易对象就是约什-史密斯，此前老鹰因先后巨额合同续约乔-约翰逊和艾尔-霍福德，已经将史密斯摆上台面。而活塞和火箭似乎都需要这位运动超人，来弥补球队防守和运动力的不足。从目前老鹰的需求看，火箭能够送出更好的筹码，比如贾里德-杰弗里斯和防守老兵肖恩-巴蒂尔的到期合同，年轻球员诸如乔丹-希尔、帕特里克-帕特森等内线，以及2011年的首轮选秀权。活塞的筹码中，普林斯的到期合同颇具吸引力，奥斯丁-戴耶等年轻人也非常具有价值。这就是活塞为何有希望得到史密斯的原因。但我们必须考虑这样一个情况，活塞目前不仅欠缺运动超人，他们最为缺乏的是一个领袖，在罗德尼-斯塔基宣布不在今年续约后，这个问题就更为突出了。火箭则也面临这样的问题，他们没有提前续约阿隆-布鲁克斯，姚明能够恢复多少还是未知数。这两支球队在交易市场上都不希望冒太大的风险，他们多少会因史密斯3年还剩3700万美元(并带有交易特别条款，一旦交易年薪增加15%)而犹豫。在这样的情况下，或许我们能够设想出三种可能的情况：1.火箭联手活塞，追逐超级球星——安东尼火箭能够为掘金提供潜力新人，如布鲁克斯、希尔，活塞则能够提供尚有价值且合同到期的普林斯，火箭则能够为活塞提供更多的到期合同，并吃下汉密尔顿的合同。两队在这个夏天都曾参与到多方交易安东尼的交易中，这样的情况并不是不可能发生。2.火箭和活塞各自追逐安东尼、伊格达拉或者史密斯在这样的情况下，火箭似乎占据了更多的主动权，此前曾有专家表示火箭没有非卖，今日red94网站更是直言不讳姚明在火箭的未来不定，他能不能拿到大合同还是未知数。这多少可以让我们将姚明假设为一个筹码，就好似去年因复出后上场时间受限导致被交易的麦蒂一样，姚明作为一个巨额到期合同，显然比当初的麦蒂更有交易价值。可以说，火箭若拿出这个筹码，其对掘金(或者三方交易送去其它球队，换来掘金满意的筹码)是致命的。当然，火箭并不会轻易交易自己的最大牌球星，但先后签约米勒和埃里克-丹皮尔两大中锋，也能够看出火箭对姚明并非百分百有信心。3.活塞和火箭围绕姚明或其他人发生交易这是最为大胆的猜测。火箭似乎会为了普林斯这样的锋线防守悍将复出一定的代价，比如杰弗里斯的到期合同，比如年轻球员，比如选秀权。缺乏内线的活塞，则也可能考虑包括姚明这样的又是到期合同，又具备球星价值的球员。当初杜马斯从老鹰引进拉希德-华莱士时，后者也并非在自己的最佳状态。当然，以上三种假设可能性截止目前都不高，但既然有猜想就证明两支球队私底下已经暗流涌动。或许姚明和麦蒂都将在未来一个赛季里，面临重大的人员变动，不管是周身还是自己，若恢复不到最佳状态，两位曾经的超级巨星都可能遭遇一次寒冬的洗礼。(阿姆罗)
体育	布雷克替补席成功接棒法玛 湖人板凳后卫越打越好新浪体育讯记者戴高乐报道  上赛季，湖人经常在轮换阵容中派上法玛与沙农·布朗搭档，用两位年轻后卫的速度来冲击对手的防线。本赛季，虽然法玛走了，但湖人引进了布雷克，他与布朗继续搭档出场。这对新的双后卫组合也成为湖人板凳奇兵，在新赛季四连胜的比赛中屡立奇功。北京时间11月3日，在湖人大胜灰熊的比赛中，布朗与布雷克的出场时间都超过了20分钟，而两人在球场上的表现同样可圈可点。全场比赛下来，两人合力贡献23分，最为令人称道的是，两人加起来一共5次在三分线外出手，全部命中。如此强大的外线火力让灰熊彻底没有了反扑的念头，早早地放弃了抵抗。其实两人早在湖人与火箭的揭幕战中就表现出非常良好的状态，在那场比赛中，布朗得到16分，而他的4个三分球更是成为湖人反超比分的关键，布雷克的10分虽然比较平常，但他最后的准绝杀三分成为比赛的胜负手。自从那场比赛之后，布朗与布雷克这对新的后场组合就成为湖人克敌制胜的一大利器。“我们开始一直深陷泥潭，直到沙农(布朗)和斯蒂夫(布雷克)踏上球场，他们改变了比赛的局面，”这是湖人主教练菲尔·杰克逊在揭幕战之后对于布朗与布雷克组合的评价，“他们两个打得都非常努力，他们给予球队很大的支持和动力。”而也是从这场比赛开始，布朗与布雷克经常一起出场，每当湖人主力下场，球队进入轮换阵容时，布朗与布雷克就成为湖人的进攻枢纽。湖人之所以开季四连胜，替补功不可没，而替补的带头人正是布朗与布雷克这两名后卫。“我觉得每场比赛，只要当你替补登场，你的任务就是为球队带来能量，”这是布雷克对于自己的要求，而布朗更多的是为了证明自己，“开始没人在意我，而我始终知道自己的目标，我把握住了球队给我的机会，仅此而已，”布朗说。
娱乐	麦兆辉庄文强避谈与刘伟强拆伙早报记者 刘嘉琦 即将于9月11日在香港与内地同步公映的《大搜查》，虽然打的是《无间道》幕后班底的宣传语，但实际上，该片的导演只有麦兆辉与庄文强两人。关于刘伟强(blog)、麦兆辉、庄文强这个“铁三角”拆伙的消息，已经传了很久。近期，麦兆辉与庄文强为《大搜查》接受采访时，也对“拆伙”一说有些避讳，他们更愿意谈在《大搜查》中如何分工合作。2002年，在香港电影市场的低迷期，《无间道》横空出世。该片不仅拉拢香港观众继续支持本土电影，还在次年的香港电影金像奖上横扫七项大奖。之后，“铁三角”组合又携手周杰伦( 听歌)，在2005年创作了另一部卖座影片《头文字D》。在2006年，刘伟强、麦兆辉、庄文强再度合作了影片《伤城》。不过，之后三人间的合作越来越少。近些年，刘伟强更多时候都是独立执导影片。比如与刘德华( 听歌)、舒淇()合作的《游龙戏凤》(拍摄中)，以及耗资庞大的《水浒传》(筹备中)，刘伟强都有单打独斗的意思。而麦兆辉与庄文强则继续合作，新作《大搜查》集合了《长恨歌》后淡出银幕两年的郑秀文(听歌)，以及陈奕迅(听歌)、陈子聪等演员。近日为宣传《大搜查》接受采访时，被问及与刘伟强拆伙一说，麦兆辉与庄文强默契选择避而不谈。但说起彼此间的合作，麦兆辉与庄文强都滔滔不绝。“我与庄文强已经合作了七八年。”麦兆辉说道，“随着大家的成长进步，每次的合作方式都往更好的方向转变。最初是他写我拍，后来他也会到现场参与拍摄，我告诉他为什么这样拍，也会跟他讨论拍摄方式是否符合他写剧本时的想法。在后期制作阶段，我们就都是一起作决定。”庄文强则指出他与麦兆辉从来都是分工明确，“一直以来，都是我注重创作，麦兆辉注重制作。我写剧本可以天马行空，但到了现场才知道实际拍摄的困难，麦兆辉擅长把难题化解，所以场面设计和调度都交给他，我更多去注意演员和其他方面的沟通。在遇到意见冲突时，我们不会立刻要求对方服从自己，因为大家都希望拍好这部电影，所以一般会先讨论、尽量迁就对方。相对而言，我的品味比较奇怪，麦兆辉比较稳妥，在需要稳妥的时候我听他的，需要古怪的时候他听我的。” 
娱乐	《赤壁》原编剧：吴宇森很认真 差在文化底蕴版权声明:凡标注有“cnsphoto”字样的图片版权均属中国新闻网，未经书面授权，不得转载使用。“吴宇森是个认真的人，但他差在文化底蕴”“《赤壁》没有一处硬伤，但处处是软伤”“吴宇森驾驭历史人物，不及他驾驭黑道人物得心应手”“《赤壁》连人物都失败了，还谈什么尊重历史”芦苇，人称“中国第一编剧”，因为他曾为《霸王别姬》、《活着》、《图雅的婚事》等名片写过剧本。这次，他是《赤壁》先后使用的众多编剧之一———如同其他人一样，他的剧本最后被吴宇森弃用了。接受《羊城晚报》的采访批评《赤壁》，用芦苇的话来说，“并不是因为自己的剧本没被用上而感到不满，而是因为我对《赤壁》这个作品有不同的看法”。自始至终，芦苇的语气都很平和，他甚至如是评价吴宇森：“他是我见过的导演中少见的极有职业道德的一位，对工作兢兢业业，在创作方面也很有包容力。这些都是我亲身感受到的，所以我尊重他。”芦苇认为，吴宇森已经对《赤壁》“竭尽全力”。那么，为什么《赤壁》仍然不能让人感到满意———为什么会有笑场，为什么会有争议，为什么甚至有人说《赤壁》是“又一部大烂片”？ 只有一个情节用上了“中国的古装大片努力了这么多年，每一部都在文化价值的层面失败了，正因为此，才不被世界市场所认可。”“我大约是《赤壁》的第三位编剧。”芦苇说。在他之前，吴宇森先后找了台湾和内地的编剧，但两个本子都不能让他满意。芦苇并没有看过前两个本子，因为吴宇森的工作方法是让每个编剧都独立创作，但有一点他跟编剧们是事先说好的———本子最后不一定会用。《赤壁》上映之后，芦苇第一时间去看了，发现自己的东西基本没有用上。“唯一能靠得上的只有一个情节，曹操接到了孙权的空白回信。这一点，我原来是设计给曹操的，他给荆州的刘表发了一封这样的信。”芦苇的领悟是，他们这些编剧都是给吴宇森提供“方案”的，“《赤壁》真正的编剧其实是吴宇森自己”。芦苇说，他原本对《赤壁》的定位是“带有商业性的艺术正片”。但如今，《赤壁》却是一部“纯粹的商业片”，“就是大场面，大卡司，一部‘堆’出来的豪华大片和票房大片”。这点让他感到失望，因为他原以为自己已经跟吴宇森达成了共识。“我们当初聊得很投机，我们都认为中国是个历史资源大国，这点应该体现在我们的影视作品中。我跟他说，为什么日本的历史不及中国源远流长，但它的电影却能作为一种日本文化的标志被全世界接受？而中国为什么甚至没有一部作品能做到这一点？或许，《赤壁》是个突破的机会。他很赞同。”芦苇认为，中国的古装大片努力了这么多年，但《秦颂》、《荆轲刺秦王》、《英雄》、《夜宴》、《满城尽带黄金甲(blog)》……每一部都在文化价值的层面失败了，正因为此，才不被世界市场所认可。他曾看好吴宇森：“因为他可能是唯一一个能把那么多资源整合起来的人。”当时，他还把自己关于影片类型的设想详细地告诉吴宇森，“就像《阿拉伯的劳伦斯》和《巴顿将军》，这两部都是规模宏大的战争片，《赤壁》可以参考”。之后，他就朝这个方向写了。 人物气质脱离了时代“怎样才算忠于历史？关键在于忠于历史的精神，而不是执着于某些历史细节。准确地把握那个时代的人物精神，这就叫真实。”“从商业角度客观评价，《赤壁》是近年商业大片中最好的一部。它的确是一场‘视觉盛宴’。但问题在于，它的剧情太‘疲软’、人物太苍白，这些弱点也是千真万确存在的。”芦苇认为，《赤壁》最本质的问题在于吴宇森对三国时代的精神气质“认识不足，把握不够”。“三国是个风雨飘摇、生死攸关的时代，但《赤壁》里的人物却好似在过家家。”他举例，当曹营80万大军逼近，东吴的主要军事领袖周瑜却还在给母马接生，“这个情节就完全脱离了那个时代的精神”。芦苇认为，《赤壁》的演员都很出色，“但这些好材料却被浪费了，他们演出来的人物说话不痛不痒，看不到真正的勇气和坚毅，既无气概也无智谋。一句话，就是不像英雄豪杰！” 人物塑造不到位，一般人都会认为这只是艺术创作方面的失误，但芦苇认为，问题要严重得多。“我们都认为《赤壁》应该忠于历史，那么怎样才算忠于历史？关键在于忠于历史的精神，而不是执着于某些历史细节。比如《阿拉伯的劳伦斯》和《巴顿将军》，他们都不能算是百分百还原历史，但他对那个时代的人物精神的把握却是精确的，这就叫真实。”芦苇认为，《赤壁》尚不能算是完全违背历史。“它不像国内过去的大片那么完全拧巴，文理不通，但至少它的人物软弱无力，没有光彩，过于平庸。说真的，它还不如《三国演义》。因为《三国演义》的人物虽然歪曲了历史，但至少有艺术性，看上去光芒四射。《赤壁》却连人物都失败了，那还谈什么尊重历史？！”
娱乐	吴京自导自演动作影片 郑中基加盟出演本报讯(记者易东方)昨天，由香港著名动作导演李忠志和内地演员吴京联合执导的电影《狼牙之阿布》，在京举行开机发布会。吴京同时出任该片的主演，与师兄寇占文在发布会上表演了一出精彩的打戏。《狼牙之阿布》是一部浪漫爱情动作电影，讲述了功夫高手阿布救了一位身陷险境的女警察晓禾，并协助她擒拿匪徒，在此过程中两人产生好感；随后晓禾发现阿布曾卷入犯罪集团，他面临被晓禾拘捕的命运。吴京称，该片是想表现人与生俱来的正义感。 首次执导电影，吴京显得十分有信心。发布会上，除了播放他以往的经典动作电影片段以外，吴京和他的师兄寇占文还现场表演武打戏，精彩的表演赢得众人热烈的掌声。该片演员阵容还包括郑中基(听歌)、许绍雄等。 
娱乐	票选百花奖《集结号》领跑本报讯(记者易东方)自7月1日大众电影百花奖的“百家影院观众票选活动”正式启动以来，全国近10万名电影观众参与到投票活动中。昨天，百花奖组委会公布的最新统计数据显示，《集结号》有望成为最大赢家。本届大众电影百花奖突破了以往的投票形式，开创了观众影院投票的模式，百花奖组委会将根据选票统计中心统计出的群众投票结果，评选出影片奖提名5部、单项奖提名各5名。这使得百花奖更加贴近影院观众，真正体现其大众电影的本质。 昨天，百花奖组委会公布的最新统计数据显示，《集结号》《云水谣》《疯狂的石头》(blog)排名领先，成为“最佳故事片”的热门影片。《集结号》在年初狂揽2亿多的票房后，有望在百花奖上成为最大赢家，导演冯小刚和主演张涵予( blog)分别在“最佳导演”和“最佳男主角”的排名中位列前茅。《云水谣》中的两位女主角徐若?( 听歌 blog)、李冰冰( 听歌 blog)也在最佳女主角的争夺上不分伯仲。另外一个热门奖项最佳新人奖的提名中，《疯狂的石头》中饰演黑皮的黄渤、《长江七号》的演员徐娇以及《隐形的翅膀》中的雷庆瑶均获得较高人气。 
娱乐	28日10：30曹保平周迅王宝强聊《李米的猜想》新浪娱乐讯 由曹保平导演，周迅(听歌)、邓超( 听歌 blog)、王宝强( 听歌 blog)及张涵予( blog)出演的爱情惊险大片《李米的猜想》将于八月下旬在全国公映。7月28日上午10:30，导演曹保平将携主演周迅及王宝强独家做客新浪娱乐，讲述电影拍摄的幕后花絮。欢迎各位网友积极提问！>>>>>点此进入视频直播间（10：30开通）
娱乐	《画皮》新浪官网启动 陈嘉上表示不惧笑场(图)视频：《画皮》官网落户新浪新闻发布会(1)视频：《画皮》官网落户新浪新闻发布会(2)视频：《画皮》官网落户新浪 专访陈嘉上庞洪新浪娱乐讯 7月27日，东方新魔幻电影《画皮》的新浪官网启动仪式在798工厂举行。导演陈嘉上，主演陈坤(听歌)、赵薇(听歌)，制片人庞洪以及新浪网娱乐频道主编雷振剑出席了活动。陈坤、赵薇、甄子丹( blog)在影片中的造型在发布会现场首次曝光，而一直没有公开接受媒体采访的陈嘉上更首开金口畅谈电影，表示影片在保持原著风味之余融入了很多现代元素，并不会因为担心笑场而放弃突破。不能把自己当“小片”陈嘉上首次面对媒体畅谈影片，免不了被问及与旧版《画皮》比较的问题。在他认为，旧版的叙述方式比较传统，而他会把现代人的感觉融入影片并对细节加以延伸，“原著的章节很短，旧版电影也比较传统，只是把三页纸放大来，但我会根据原著结构把主人公的感情进行延伸，表现出6位主角对待爱情的不同态度，并希望把现代人的感觉带进去。”陈嘉上又表示，这次拍摄对他的挑战很大，除了要面对如何改编经典这个难题，还要懂的利用有限的投资把片子拍好，“怎么掌握改编的尺度首先是一个问题，而资金也是一个难题，1500万美金的投资其实只能算是小片，但我们不能把自己当小片。”战争场面是《飞虎》的古代版陈嘉上说到，影片虽然已经拍摄完成，但后期的特技制作才是最艰难的事情，“我们正在做后期，由三个公司分开做，特技的制作非常困难，现在才是最难的时候。”当有记者问到关于战争场面的问题时，陈嘉上幽默表示远没有《赤壁()》厉害，“战争场面没有《赤壁》大，也不如《指环王》那么宏大，而是会把我以前拍动作片的风格放进去，例如《飞虎》系列这种特种部队的打斗场面，可以说是古代的特种部队。”不能因为笑场而放弃突破陈嘉上在接受采访时多次提及希望拍一部年青人喜欢的改编经典，那他会不会担心像《赤壁》一样由于对白太过现代而出现笑场呢？说到这个问题，陈嘉上的态度非常坦诚，从中也让我们看到他的勇气，“每个导演都希望自己的作品能得到观众喜欢，也许其间会遇到失败，但不说明就不需要尝试突破，因为害怕别人说自己傻瓜而放弃。”但他也表示，在拍摄期间，编剧对剧本进行了多次修改和不断地完善，相信观众届时会看到他们的努力。啷啷/文 陈莹莹 郑福德/图 
娱乐	《画皮》官网启动 导演陈嘉上赞陈坤神似张国荣昨日，首部东方新魔幻电影《画皮》在798工厂举行官网启动仪式。在昨天的发布会现场，陈坤(听歌)和赵薇(听歌)分执毛笔，完成了“巨笔迎奥运，画皮传经典”这副对联的最后“点睛之笔”，这表示9月28日上映的《画皮》将成为北京奥运会结束后第一部亮相的国产大片。而现场，有媒体记者质疑为何未看到《画皮》中的那张皮，导演陈嘉上的解释是，“电影的官网是电影的再度艺术创作，也是对电影艺术本身的一种补充，那张皮出不出现在官网中，不是值得重点讨论的问题。”昨日，甄子丹( blog)、陈坤、赵薇3位主演在电影的角色造型也首次被公布，加之上个月在上海电影节上公布的周迅(听歌)、孙俪( 听歌)、戚玉武的造型，《画皮》中6位主演的造型已全部公之于众。在此次官方启动仪式上，一直没有公开接受过媒体采访的该片导演陈嘉上也首开金口。陈嘉上：看到了中国演员的实力电影《画皮》从拍摄至今，导演陈嘉上一直极少在公众的场合接受媒体的采访，被誉为香港导演中的文化人陈嘉上昨日表示，他通过这部电影看到中国演员的实力，“每一个演员可以说都是挑战了自己以前的所有角色，都实现了非常大的突破”。言语之中，作为张国荣( 听歌)老朋友的他，称陈坤与张国荣形神皆似。6大造型：扑面而来的魔幻气息继上海电影节上公布了周迅的九霄美狐、孙俪的降魔女侠、戚玉武的飞天蜥蜴3个角色的造型后。昨日，又新公布了甄子丹饰演的“斩妖情侠”庞勇、陈坤扮演的“至情战将”王生和赵薇饰演的“义胆贞妻”佩蓉的角色造型，他们的造型让现场记者感到一种扑面而来的东方魔幻气息。本报记者 程雪超 
娱乐	《画皮》官网落成赵薇怒喝吓跑偷拍者(图)赵薇(听歌)曾屡次被拍到露底照片，但每次她都大度地表示不在乎，甚至还说过“这有什么好看的”。但昨日在电影《画皮》的官方网站落成会上，赵薇在发现有人偷拍自己走光照后，当场发怒喝止偷拍者，吓得对方立即逃离现场。记者会结束后，不肯善罢甘休的赵薇还让工作人员揪出偷拍者，并表示今后此人从事的媒体，她不会再理睬。 当场喝止偷拍者，扬言一定揪出他 昨晚，《画皮》在北京798工厂举行发布会，陈坤(听歌)、赵薇齐亮相揭晓剧中自己所扮演角色的海报。期间，赵薇正在描述扮演的角色时，她突然发现有一位戴眼镜的绿衣男子蹲在地上意欲拍摄自己的走光照，赵薇当即脸色一变，大声怒喝：“你这是在干什么！”这时大家将目光纷纷转向绿衣男子，男子低着头立即拿着相机消失在了采访现场。赵薇表示之前多次被人拍到露底照，但亲眼目睹自己被偷拍，赵薇忍无可忍，她当即表示一定要揪出这个偷拍者。记者会散场后，赵薇找到不少记者朋友，打听偷拍的男子属于哪家媒体，结果众人均表示不认识。不愿善罢甘休的赵薇交代工作人员要揪出这个人，“一定帮我问清楚，等会儿把他工作单位的名字和他的名字给我。” 演完《画皮》才知可以演“小乔” 此次在剧中，赵薇扮演陈坤的妻子，形象温婉贤淑。看着丈夫被“妖女”周迅(听歌)勾走，却想尽一切办法来阻止。由于片中角色和自己的个性相差太远，因此她演起来很痛苦，“这个角色对白不多，但她心里明明知道发生的一切，还要装做不知情。我演起来也感到压抑。” 赵薇笑言，在片场陈坤经常一望着她就笑，好几次因笑场而重新来过。“他老说我平时大大咧咧，性格外向得像个男孩子，居然也能演得那样温文尔雅！”赵薇得意地表示，自己这次的角色完全是导演要她挑战自我。不过赵薇表示对自己的表演很满意：“你们要是看过《画皮》后，就知道原来我也可以演小乔。”说完，赵薇哈哈大笑了几声。 直呼“丈夫”陈坤帅呆了 在谈到与大学同学陈坤的首次银屏合作时，赵薇透露整个过程非常开心，连夸陈坤更成熟了。赵薇还小小调侃了一下对方：“怎么我上学时没有发现他原来这么帅呢？” 剧中两人还上演了一场激情戏。说到这，赵薇有些不好意思了，脸微微泛红。为了掩饰，她立即表示两人在戏中特别有默契，拍摄激情戏时是一气呵成。她透露两人其实不是第一次演夫妻，“那是念大学时，他演一个傻子，我演一个穷媳妇。” 本报记者侯检/文并图
娱乐	江若琳称对老板林小明太太问心无愧(图)新浪娱乐讯08年7月28日，香港，江若琳(Elanne)昨日(7月27日)出席有份配音的电影《多啦A梦()—大雄的新魔界大冒险》宣传活动。江若琳表示最喜欢多啦A梦的时光机，因为不好的事可以跳过，去到未来。对于老板林小明的太太承认两人已离婚，并指江若琳已有3年没找她这位伯乐，她说：“对于近日的新闻，我对得住其他人，会做好每份工作，而且问心无愧，希望这件事快点过去。”新闻见报后可有与林太联络？江若琳说：“我一向很少与林太接触，每年在公司春茗见一次，清者自清啦，不是事实不想再说，事实和真相一定会水落石出。” 图库供稿至于外传公司卖盘，江若琳坦言不担心前途受影响，因未来有很多电影工作，也会出新唱片，这是大人之间的事，她不会过问。她最多谢是朋友及歌迷的支持。
娱乐	赵薇工作接太多 担忧研究生毕业成问题(图)本报北京专电 (驻京记者 秦小摄影报道) 由赵薇(听歌)、周迅(听歌)、陈坤(听歌)、孙俪( 听歌)等联袂出演的陈嘉上作品《画皮》昨日正式启动官网，赵薇、陈坤齐齐携手造势。为电影《赤壁()》马不停蹄宣传之后的赵薇称想要静心休息，正式着手准备毕业作品。“没准明年毕业还有点问题。”不想工作 专心学业北京电影学院(blog)导演系研究生身份的赵薇，今年仍是各大导演的“抢手货”。年初进入吴宇森电影《赤壁》剧组拍摄，昨日亮相陈嘉上作品《画皮》宣传，但赵薇言语中透露出拍商业大片让其身心疲惫，想要静心休息，却又不得闲，“因为我又接了好多奥运义务广告啦。”自认接片太多，耽误学业的赵薇坦言压力很大，毕业作品、论文一切都还没理出头绪，“这样下去，没准我明年毕业都有点问题。”赵薇说，好在学校、老师心慈手软未给她施加压力。被拍走光 捉拿狗仔当天，为配合剧中贤妻造型，一袭黄色短裙亮相的赵薇很是可爱。心情超好的赵薇，端坐在记者群中接受采访，谁料，突然脸色阴沉，工作人员立马叫停采访。等人群散去之后，赵薇不开心地问到身边助理与工作人员：“刚才穿绿色衣服戴眼镜拍照的记者是谁？一直蹲在地上从下面拍我，帮我问问清楚，等会把他杂志的名字和他的名字报给我。”屡次遭走光照捉弄的赵薇，气头之上得理不饶人，当记者会散场之后，工作人员仍到处“捉拿”偷拍走光照的狗仔。自认贤妻 想要嫁人在《画皮》中，赵薇出演将军陈坤的妻子，赵薇形容扮演的这个角色是中国贤良淑德的代表，正宗的贤妻良母，看着丈夫被妖女周迅勾引走，想尽一切办法来阻止。由于片中贤妻角色和自己个性相差太远，赵薇称演起来相当痛苦。陈坤更是笑言看到赵薇扮演的这个温柔贤妻出现在眼前，最开始合作时经常都忍不住笑场，“我都想不到性格外向的赵薇居然能够演贤妻良母。”赵薇听完陈坤的评价后，很是得意地表示导演看中她的温柔潜质，“看过《画皮》之后，就知道原来我也可以演小乔了。”随后赵薇透露，自己具有贤妻潜质，看到好友刘嘉玲(听歌)结婚，也已经产生要将自己嫁出去的念头。 
家居	后现代 带有实验的味道(图)也来Mix and Match混搭是个流行词，对于汪铮这样的设计师来说自然不陌生。不过，汪铮的混搭来得更后现代，带有实验的味道，却十分和谐。生铁的墙壁和松木门、老式台钟和大师的椅子、工业管道和水晶灯、中式的衣柜和日式的卧具有时候，你置身在这里，会有一种错觉，这是一个家，一个设计展示，一个艺术作品，还是一场话剧的舞台。但是，当你了解了汪铮和太太的生活后，你会发现，这就是他们的生活，透着舒适，但也充满力量，四处洋溢着生活的气息，却也荡漾着设计的实验性。
家居	后现代潮流创意布艺(组图)英式田园流行元素:缤纷碎花,纯棉质地英国乡村风格的碎花是今年市场上很流行的款式。而纯棉材质、新式的渔网印花,点苞花是也是今年的主打款式。搭配提点:可以跟白色的浪漫主义家具搭配,在现代感中透出一丝丝怀旧、一点点活泼,营造出静谧又柔美的空间。创意设计:用碎花布料做成的窗帘式样很丰富,不同花型搭配做衬里也能显出多重的效果。尤其对典雅式样的窗帘,装饰性花边的运用,立体而多变。
家居	向外向下方轻轻抚平壁纸(图)沿铅笔标记的边封，小心张贴使壁纸的边封和标记相合。打开壁纸的上半部分，先粘贴上边封，然后用手由里向外向下方轻轻抚平壁纸。抚平至壁纸中间位置时，小心打开下半部分的壁纸，按照同样的方法慢慢抚平整张壁纸。
家居	向经典电影致敬(图)一向以硬朗形象示人的胡军本次大胆尝试性感新写真，向经典电影致敬。让观众们看到了他的性感的另一面。
家居	吕思清 那些俘获人心的痕迹(组图)在常人的眼里，他是站在国际最高舞台上激情四溢的小提琴演奏家；在儿子们的眼里，他更像是个调皮的大顽童；在妻子眼里，他是具有生活情趣的丈夫；然而更多的时候，他只是一个身处安静温暖的居所里、对生活不断追求的人，他希望自己能成为一个美食家，和葡萄酒终生为伴。
家居	吕永中 系列设计项目赏析(组图)LG研发中心办公室不单纯的是室内设计项目，其中包括了更多建筑室内外环境改造的内容。办公楼的主体是一栋框架结构的单体建筑，坐落于上海浦东张江的某花园办公商务园区内。在改造之前，建筑内部被分隔成四个独立的空间，由不同的企业作为办公空间使用。如今LG 研发中心的入驻，给设计师提出的首要任务是对这栋单体建筑的内部空间进行重新规划与分配。整个建筑共分三层，包括顶面的一个屋顶花园，总面积约为1700m2。设计师先大胆地将原建筑内部所有的新增隔断拆除，让我们可以清晰地看到原始的空间布局：建筑结构上采用钢筋混凝土框架体系，通过6mX6m 的柱网模数在平面呈标准的网格状排列，垂直方向上下共有三格。结合现有的空间结构，设计师又独具匠心地在建筑的内部打开了中心区域二、三两层的楼板，开辟出一个垂直的共享空间。这个截面为6mX12m大小的中庭的出现，不但使建筑内部一楼和二楼拥有了更好的自然采光与通风，而且为中庭设置垂直交通通道提供了一种可能性。以室内原有的一根结构梁作为楼梯平台的支撑点，设计师在中庭空间设置了2m宽的踏步楼梯，并以此作为连接一楼至三楼的主要通道。中庭作为共享的交通空间同时也是主要交流空间，在自然光影的作用下显现出优雅的姿态，楼梯则成了这里的主角。
家居	君子也进Loft风格疱厨(组图)杨世杰，台湾人，美国求学，著名室内设计师，世扬国际设计有限公司总经理。近年常居于上海。先后主持设计了许多餐厅，在上海能够找到的有新都里、CJW、夏味馆等。在许多领域中受名师指教，如禅学启蒙于巴壶天，学陶则拜访过日本国宝级大师如荒川丰藏、藤原雄，并学艺于美学大师吉田耕三，他于陶艺、书法、篆刻、食道等皆有涉猎及心得。
家居	吧台与岛台合二为一(图)吧台与岛台合二为一利用中心岛台为支点设计出吧台般的就餐台，可以满足喜爱西式早餐人群的需求。在进餐的同时还可以看书报、从事简易的工作，这款设计利用不同的高度增加了空间的视觉效果。吧台与岛台合二为一利用中心岛台为支点设计出吧台般的就餐台，可以满足喜爱西式早餐人群的需求。在进餐的同时还可以看书报、从事简易的工作，这款设计利用不同的高度增加了空间的视觉效果。
家居	吧台将地下空间有效分割(图)回到现实，原来眼前通透舒展、明媚大气的空间并非凭空而来。对比房屋的原貌，每一处蹩脚的设计都以再设计的方式进行了改造：进门处客房的墙体后移，转做保姆间，余出的面积成为衣柜。一层到三层的天井去掉，面积补充到每一层，如此改造，一层的厨房和客厅变得更加宽敞，二层则用新的面积和原来的一间客房合并，成为父母的卧室。三层利用天井的面积修建了步入式衣帽间，并且将露台完全封闭，成为兼具书房和视听功能的全新空间。地下室的改造最为彻底——以前的格局完全颠覆，打掉所有非承重墙体的阻隔，换来完整的展示空间。如此艰巨庞杂的改造，不禁让人好奇要费多少周折才能完成。有趣的是，在刘宁提供的施工图纸里我们几乎没有发现任何与最终实现不符的修改调整。一切都在他的脑海里勾勒完毕，才付诸实施，营造的过程不过是在三维中的全息再现。回到现实，原来眼前通透舒展、明媚大气的空间并非凭空而来。对比房屋的原貌，每一处蹩脚的设计都以再设计的方式进行了改造：进门处客房的墙体后移，转做保姆间，余出的面积成为衣柜。一层到三层的天井去掉，面积补充到每一层，如此改造，一层的厨房和客厅变得更加宽敞，二层则用新的面积和原来的一间客房合并，成为父母的卧室。三层利用天井的面积修建了步入式衣帽间，并且将露台完全封闭，成为兼具书房和视听功能的全新空间。地下室的改造最为彻底——以前的格局完全颠覆，打掉所有非承重墙体的阻隔，换来完整的展示空间。如此艰巨庞杂的改造，不禁让人好奇要费多少周折才能完成。有趣的是，在刘宁提供的施工图纸里我们几乎没有发现任何与最终实现不符的修改调整。一切都在他的脑海里勾勒完毕，才付诸实施，营造的过程不过是在三维中的全息再现。吧台将地下空间有效分割，这里既是房屋的中心位置也是活动的中心区域。
家居	吧台成为完美的景点(图)吧台要想成为完美的景点，少不了吧凳的精心搭配。在选择吧凳时，既要考虑个人的喜好，同时要考虑与吧台的配合，特别是吧台的高度，如果台面设计在1.20米，则可选高脚凳，更有酒吧的风情。
房产	专家解读别墅精装的市场前景与发展趋势(图)图为长江实业地产投资有限公司董事 郭子威    主持人：其实誉天下是少见的别墅里面精装修的。在这个市场来看，精装修的市场会不会更好一些？肖洋：从目前来看，一般高档社区精装修销售的会好一些，因为很多人在这方面不希望花太多的时间和精力，尤其一些高档项目里面用的东西都是名牌，对客户来说也会很放心，不会因为这点细节在交房的时候再跟他去协商。主持人：但其实很多人也有疑问，如果租赁市场可能会更好一些，但单纯从买卖来说，每个人有自己不同的装修眼光，比如我这个房子装修之后，我再卖给其他人会不会有影响呢？肖洋：那就要看这边的装修质量问题。如果他要说开发商统一装修，这个问题就会小很多，因为大家用的都是一样的东西。如果是自己个性化的东西，很多人在购买的时候就会考虑，包括墙壁的改造，包括装修材料品牌，包括工程质量，他可能会想得更细。如果是开发商统一装修，基本上没有太大的问题，因为大家都是一样的。主持人：就是菜单式的？肖洋：对。主持人：郭先生，咱们这边的精装修大概是什么样的情况？郭子威：据我了解，目前大家对精装修还是有一些怀疑的。我们香港人的经验，有两种，一部分就是所谓的精装修，包括厨房、卫生间、天花板、地板、墙壁的装修，电器安装等等。另外一种，以前香港也引入过，按照不同客户要求做一些带家具的装修，就是除精装修之外再提供另外一种家具装修，比如我有四种选择，五种选择，按照不同的性格，比如他喜欢现代感的、古典的也可以做，年轻的、成熟的也可以做。这也是针对不同的客户群。但那时候提供有关的家具，加上精装修安排，因为当时香港的市场不是那么好，作为开发商来说，要提供多少东西吸引客户去买你的房子，必须要针对不同的客群来设计。从另外一个角度来说，作为消费者，他如果买了一个带精装修的产品，未来他所花的钱会减少。目前全部开发商几乎都采取这个方式，目前大家还是找一个结果，比如不同性格有不同品位的要求，其实这是因为家具装修，而不是基本的精装修。我认为基本的精装修，未来还是要走这个方向的。如果不走这个方向，你的开发质量，包括形象，对开发商来说还是没有太大进步，因为它还是处在一个毛坯阶段。我看了很多国内产品，目前很多毛坯房没有装修，怎么有人去入住。我觉得未来应该从这个方向一直走下去，就是带精装修，整个世界应该都会走这个潮流。主持人：刚才郭先生也讲了很多欧美、日本很多新近建筑的经验，他们都是有精装修的。但是在国内，别墅精装修，它其实是褒贬不一的，有质疑，也有认同，李老师，您觉得在我们北京别墅市场，这种精装修思路会不会越来越被大家所认同？李小宁：我是这样看的。经济类别墅，比如套型比较小的这种别墅，我个人还是比较赞同精装修。随着现在精装修的标准来说，大家可以认同。因为我们现在的装修水准已经比过去大大提高了。第二，别墅装修，特别是独栋类别墅的装修要求比较多。比如对于二层或者三层，有一个吊顶的问题，因为这种别墅必须要吊顶。这个吊顶的要求，不是咱们简单地挂一个轻钢就行了，还要有保温的要求。对于地下室还要有防水的要求。统一安排，它可以保证你在技术上是统一的。这是第一点，作为别墅，我还是赞成精装修。因为这种别墅基本都是在偏远地区，他进去之后找施工队难，到那个地区几乎没什么选择，这个施工队还要适应你这个别墅的技术要求。因为我们很多施工队，说简单点就是能做一般的家装，但是对于一些别墅类住宅装修，有些特殊要求，他不一定真正能掌握。我觉得精装修有一个好处，它在技术上首先符合开发商建这个房子的要求。另外，在施工队管理上也比较容易。像有些特别大的别墅，比如800、1000平米以上的别墅，业主很希望个性化。你给他一个统一精装修，他很难满足，因为他既然买了这么大的房子，就想彰显自己的感觉，体现自己的身份，甚至要把自己喜欢的一些材料堆积在这个房子里。所以这里面确实精装修很难满足。我个人认为对于这种大宅可以有一部分自装，还可以有一部分菜单式的装修，就是开发商提供一些基本的东西，在一些特殊地方提供一些特殊材料的装修。简单讲，像一层都是贴壁纸，很少有人挂石材。有些人会喜欢软包再加上一些木雕的东西，他就是喜欢这种感觉，咱们也不能排除。这种可以给他提供一个基础装修的基础上再提供一个个性化需求。我认为精装修对经济类别墅是一个发展趋势。如果自己装修，买房人很容易挑毛病，如果开发商统一提供的装修，他提不出毛病，你找别人也是这样。所以他就没有选择的余地，他提问题的点就会相对减弱。你买了之后，作为出租来说是统一的，而且他也不会提，因为这个小区都是这样的，他提不出来。尽管你可能不满意，但房子就是这样，他反而不好提。可能任何一个人会觉得这块不太舒服，他会提出一些想法。我觉得像这类，我还是同意精装修，特别是别墅。过去我们认为别墅最好不要统一装，但从目前经济发展来讲，别墅类住宅，我们只要统一装修到位，业主也不是不能接受，特别是经济类别墅。我们千万不要把别墅认为是一个普通装修，给你吊上顶，刷上涂料就完了。因为别墅类业主，他肯定会有一些特殊的装修要求，该好的地方铺一些石材或者铺一些高档的砖，这个东西我觉得还是必要的，毕竟他花了这么多钱。这点咱们在材质上还是要选择好一点的东西，这样你装完之后，他买了这个房子至少有一种平衡，觉得我花这个钱，用的这个东西值。千万不要用公寓类的标准，我们别墅装修一定要层次高一些。比如咱们现在别墅装修有几个地方是容易忽视的，比如地下室这块，花园这块。业主一住进来就会感觉有一个落差，因为业主地下室恰恰是他生活的一个私密空间，而且也是一个会客空间，有的人想搞成影视厅，有的人想搞成酒吧，反正他是把它做成娱乐空间的，反而你太简单他会觉得不舒服。所以这块，我觉得不要忽视，因为我们现在地下室很多都是按面积卖了，千万要把地下室当做住宅的一部分来考虑。包括卫生间、储藏空间都不要太马虎，都尽量和上面统一起来，千万不要因为它是地下室，就忽略它。包括我们有些下层空间，交房的时候很简单，就是一个水泥大坑交给人了，业主一进来觉得不行，我得做点东西，可能他还要施工队进来。包括小区花园，现在很多别墅交房的时候，花园特别简单。我个人感觉至少你要相对处理一下，不铺草皮可以，你至少给种几棵树。我觉得一个别墅里面，至少你给他来几棵成荫的树，他入住的时候有阴凉了，至少他感觉这个院子不是空空荡荡的。我们有些院子是有墙的，你要适当有一些装饰，和整体建筑风格统一起来，这才是精装修到位的表现。我们要精装修，就要统一起来，这样院内院外有一种统一的感受，他入住以后会感觉这是一个整体。这是非常关键的，就是精装修一定要到位。现在很多别墅都是这样的，因为北京也有精装修别墅。楼上楼下走起来是一样的感觉。因为你从地下室往外看的时候就是一个大水泥井在那，就觉得这个房子好象没弄完。还有楼上一楼二楼有的是铺石材，有的是铺木地板，到地下室，没有了，就是水泥。施工队进来还是要铺，而且就那一小段。你不要认为它是地下室，地下室也是别墅的一部分，它是一个生活空间，你也要给它做到位。让他从上面整体延续下来，千万不要差那一点点做不到位。因为这些东西都是精装修别墅特别容易忽视的。到这个空调座这什么都没有，而且还不整齐，实际这块你稍微装一下，和周边石材有一种整体感，就会很舒服。草皮给它铺齐了，交房的时候是绿的，就完了。这样就有一种整体感。因为人家买别墅不是单买的，是房子加上花园。花园也是其中一部分，尽管你没有把它写进合同里。这部分一定要纳入一个整体去考虑，这样你交的这个房子是个完整的房子。我觉得这些细节都要做到位，这样我们交的房子会是一个整体。即便他以后有自己个性的想法，这是以后的事。郭子威：用我们香港人的话说，实际上从建筑部提供有关的设计，提到设计部，让市场部调研，加上我们销售，一共四个部门，看这种精装修是不是适合有关客户，当然100个客户，不一定100个完全要满意，针对目前市场适不适合，90%就可以了。当然有些人进去之后觉得不喜欢还可以拆，这样的浪费我们也不会鼓励。绝大部分客户，我们觉得90%满意就可以了。比如你做得太明显，比如整个材料用黄色、蓝色，这种材料，客人特别不喜欢，会影响到购房者的选房意向，所以我们必须要采取一个很客观的感觉。比如用白色会不会好一点，是不是绝大部分人同意。实际上我们通过内部调研采取的方式，目前香港绝大部分开发商采取的都是这个方式。我们希望绝大部分客户买了之后，希望他的精装修也可以保留，也不希望他浪费，希望尽量保留。主持人：通过两位的分析，我们可以得出这样的结论，就是我们的精装修会越来越得到大家的认可，大家一定要做到位，不然肯定会把这个市场做坏。李小宁：刚才我说的院子里种树的那个是有实例的。他第一期交房的时候种树，第二期交房的时候就不种了，这部分院子就是空的，我说这两棵树值几个钱，你为什么不给人种上去？你不能让人半年的时间院子是空的。既然你是卖房的，同样你也是在卖花园，所以你要给他一些简单的植被。你至少让他住进来的时候是有东西的。这些东西细节。咱们北方地区和香港还不一样，比如北方种树必须3月份种，这些树的成活率才能高，业主住进来以后，一年只有这段时间，其他时间就没有机会了。这都是我们作为开发商需要统一考虑的事情，不在于多少，在于你能不能替业主多考虑一些。郭子威：可能大家没有留意，实际上我们在第一阶段交房，这150套，甚至今年年底交房250套，实际上我们在两年未来第三期、第四期已经腾出一些空间在做。大家如果经过附近可以看到我们已经有一些树苗。比如下一阶段建好了，把它挪过去，等它慢慢适应。当然冬天的时候肯定不好看，春天的时候会好一点。主持人：我之前真是没有看到，我觉得做法还是挺有想法的。我们会把三期四期的树苗都会养好。郭子威：第一，因为它的距离很紧，它可以慢慢拿过去。第二，它很容易适应这里的土地和天气，发现有问题，我们可以改另外一个种类去适应。北方的天气很特别，一年三分之一的时间都是很冷的。实际上我们改了两次，后来才成功把它引入进来。三年前其实也种不起来，长不起来。主持人：放的是什么？郭子威：这个种类就比较适合北方的一个种类，开始的时候可能偏向于南方。相对来说比较适合目前北京的环境。我要评论
房产	六大银行启动2010北京地产资信20强7月6日，京城房地产行业最具权威性、公信力和影响力的品牌活动之一“2010北京地产资信20强”活动正式在京启动。中国工商银行北京市分行、中国农业银行北京市分行、中国银行北京市分行、中国建设银行北京市分行、北京银行、中国光大银行北京分行6家银行代表、金融机构研究员、住建部相关负责人、多家知名房地产企业负责人等重量级嘉宾，以及京城十余家主流媒体，济济一堂，在共同关注京城楼市未来走势的同时，探讨今年下半年的房地产信贷形势，并重点研究在目前的市场形势下，资信对于房企的重大意义。今年以来，国家出台了一系列房地产宏观调控政策。京城楼市出现了成交量萎缩、市场观望氛围渐浓等状况。房企面对的市场压力与日俱增，再加上加上资本市场股市的持续疲软，信托、外资等各项融资渠道监管的加强及成本的高企，未来一段时间，资金链仍将是诸房企面临的最大考验。这种情况下，由京城6家银行共同发起并主办，《参考消息•北京参考》承办的“2010第六届北京地产资信20强”的活动，则更加显得意义深远。启动仪式现场，除了京城6大银行的代表济济一堂外，住建部政策研究中心副主任王珏林、央行研究员邹平座，以及来自远洋地产(企业专区,旗下楼盘)、北京万科有限公司、中粮地产(企业专区,旗下楼盘)、当代集团、华远地产(企业专区,旗下楼盘)、万年基业等多家知名大型房地产企业负责人也齐聚一堂，共同探讨下一阶段房地产信贷及融资形势。笔者了解到，在当天的启动仪式过后，银企高峰论坛也同时拉开帷幕。京城6大银行及房企负责人，与现场业内专家一起，共同深入探讨了下一阶段金融信贷政策走向，以及当前形势下房地产企业的融资渠道和融资方式，同时，在论坛上，各界嘉宾还研究了在房地产公司全国化战略下，银行如何监管房地产企业的信贷风险、房地产信贷业务创新趋势以及对房地产业发展的影响等问题。我要评论
房产	全经联大讲堂预告：唐方方谈低碳什么是“低碳”？什么是“低碳经济”？“低碳经济”与中国房地产的关系？“低碳”在房地产领域如何实现？自哥本哈根会议以来，“低碳”在房地产领域几乎尽人皆知，亦有部分企业与机构启动了相关实践。但对于绝大多数房地产开发企业及房地产经理人眼中，“低碳”仍是“井中月，水中花”，甚至全国工商联房地产商会聂梅生会长提出了要警惕“低碳泡沫”。但是，低碳经济时代终将来临，中国房地产也必将步入低碳时代。为此，房地产经理人需要建构正确的“低碳”知识体系，深入了解如何实现“低碳”，以及国家对于推动“低碳”已经及即将采取的各项政策措施。为了推动房地产行业的大转型，满足房地产经理人掌握“低碳”知识的需求，全经联商学院于本月25日举办全经联大讲堂，特邀国际著名的低碳经济学家、北京大学唐方方教授解析低碳经济与中国房地产。唐方方先生是北京大学中国经济研究中心教授，北京大学国家政策实验室主任。师从泽尔腾教授（Reihard Selten）和海萨尼教授（John C. Harsanyi）（1994年诺贝尔经济学奖获得者），获德国波恩大学数量经济学和信息学博士。从事实验经济学、低碳经济与气候变化，博弈论与产业组织，电子商务及网络营销等研究，1997年获实验经济学会HeinzSauermann奖，在国际一流学报发表40余篇学术论文，与环境经济学权威克内奇教授（Jack Knetsch）和行为金融学鼻祖塞勒教授（Richard Thaler）合作的两篇论文被前沿进展类丛书重印和收录全书。自1994年起，在香港财经日报《信报》开设“经济观点”每周专栏，在华人财经界有广泛影响力。全经联大讲堂是全经联商学院推出的、针对房地产行业最热点问题，由国内外著名的专家教授担任讲师的、免费面向房地产经理人的大课堂。2010年全经联大讲堂将每季度举办一次，本次夏季大讲堂规模将在百人左右，将在北四环亨利戴家居店举行。附：7月25日活动流程1：30-2：00 签到2：00-2：05 介绍老师，宣布全经联大讲堂正式开始2：05-4：05 唐方方教授讲课4：05-5：00 互动时间报名电话：010-6212589213522126797联系人：周瑛我要评论
房产	独家专访：华侨城谭笑解读环渤海商务区落户垡头北京，正在向着建设世界级城市的目标迈进！而就在此时，北京朝阳区政府将在东南四环到京津二通道附近兴建“环渤海总部商务区”的消息无疑给区域的发展注入了一针兴奋剂。借助朝阳区位优势，实现垡头功能区整体高端转型，建设立足环渤海、面向全国的总部商务区，成为首都建设“世界城市”的重要商务空间载体，和北京中心城的东南门户形象区。6月23日，北京垡头功能区暨环渤海总部商务区规划设计方案征集活动已经启动。共有7个由国内外规划设计机构与地产策划机构和房地产开发单位组成的联合体参加本次征集，而华侨城(企业专区,旗下楼盘)集团，也作为规划设计提报方，参与了提报。据了解，本次规划征集活动由北京市规划委员会、北京市朝阳区人民政府共同举办，北京市规划委员会朝阳分局、北京市国土资源局朝阳分局、北京市朝阳区发展与改革委员会、北京市朝阳区城乡一体化工作领导小组指挥部前期策划办公室以及北京市朝阳区垡头文化休闲产业区管委会共同承办了此次“北京垡头功能区暨环渤海总部商务区”。北京垡头功能区核心区位于北京中心城东南部、十个边缘集团之一的垡头边缘集团，第一、二道绿化隔离带之间。紧邻东南四环和京津塘高速，北接京沈高速，东接京津第二通道，是北京中心城与天津、河北等环渤海经济区距离最近的区域。重点打造“总部办公、研发孵化、商务服务、文化休闲”四大功能和“一核、一带、两片区”的产业空间布局，实现产业向现代高端转型升级。时间：2010年7月28日 12：00－13：00地址：北京华侨城 (论坛 相册 户型 样板间 点评 地图搜索)营销中心嘉宾：北京华侨城地产副总经理 谭笑主持人：新浪乐居北京客服部总监 邢晓利以下为此次访谈实录主持人：各位网友大家上午好，欢迎跟随着我们的视线来到华侨城，今天我们邀请到了一位特殊的嘉宾，就是北京华侨城的副总谭笑谭先生，先跟网友打声招呼。谭笑：大家好。主持人：第一句话要说一句祝贺，祝贺环渤海总部商务区规划落户北京华侨城片区，我们今天谈的主题也是关于北京垡头功能区及环渤海总部商务区这件事情，我最先可能要问一下谭总，因为刚才跟谭总聊的时候，整体的北京华侨城规划都是您在跟进，谈这块的话题您是最合适的。先跟我们介绍一下环渤海总部商务区规划出台的背景，这是大多数人最关心的话题。北京华侨城区域运作十年 积极应征此次环渤海总部商务区规划方案图为北京华侨城副总经理谭笑谭笑：非常感谢媒体对环渤海总部商务区和北京华侨城的关注和支持，在此次环渤海总部商务区规划过程中，我们华侨城担当着两个角色，一个角色是方案征集的应征者之一。北京华侨城和美国HOK建筑师事务所以及国内知名的房地产专业策划公司国信策划作为联合体参与竞标活动，是七个竞标联合体之一。另一个角色是先行者。北京华侨城在这个片区里已经规划发展将近十年了，对这个区域的认知程度比较深。此次参与竞标，一方面是为了这个片区能够更好的发展，另外一方面我们和朝阳区政府合作多年了，也有点回馈政府、回馈社会的意思，因此我们的公司也积极参与到这个活动中来。环渤海总部商务区的出台背景是这样的，北京的城市整体规划中，在四环、五环之间的是重要的绿化隔离带建设，在这些绿化隔离带周围规划有十个边缘组团，包括温榆河组团、海淀山后组团等，垡头组团是北京边缘组团中的一个很重要的组团。北京整体规划十大边缘组团 垡头功能区（环渤海总部商务区）规划征集中外兼修此次政府对于垡头组团的方案规划征集工作也不是完全意义上的创新，在北京市政府和规委、区县政府引导下，区域规划公开征集方案已经是第三次了，第一次是在大望京，也是一些开发企业和设计公司联合进行的方案提报，第二次是东坝，在今年年初，东坝组团也进行了类似的方案征集。到了垡头组团规划方案征集，这种方式有一种新的提升，邀请了国际、国内最知名的七个设计公司，由国内外著名专业城市规划设计单位作为牵头单位、区域内知名大型房地产开发企业、专业房地产策划公司协助配合来进行方案规划。从这个角度来说，规划部门也好，或者政府也好，对垡头片区的功能规划认识是更高的，定位也应该更高。这是一个大的背景。朝阳区基础设施雄厚 北京建成世界级城市与CBD东扩与南扩成为规划重大背景这是政府为什么比较重视垡头功能区的规划，是因为在现有的十个边缘组团发展得相对并不是特别均衡，尤其是朝阳区。朝阳区抓住了几个很大的发展机遇，第一个最主要的机遇是申办奥运会，奥运会大部分场馆都在朝阳，这是朝阳的第一个重要机遇。第二个重要机遇就是CBD中央商务区的建设，现在中央商务区提的高度很高，原来北京最有名的一个组团区域就是中关村，中关村原来提的是海淀中关村，现在已经是北京的中关村了，甚至在全国都是中关村的高规格的符号。现在最主要的就是CBD，CBD的规划建设初期也是朝阳区的CBD，经过十年的打造也成了北京市的商务中心，现在已经成了全国性的商务聚集区，类似于纽约曼哈顿那样的。第三个机遇是北京的绿化隔离带建设，包括北京欢乐谷的项目，也是在绿化隔离带项目中。这次垡头片区的发展，实际上也是处在绿化隔离带的重要组团中。这是三个机遇重点发展东南片区，就是垡头片区，朝阳区的整体考虑。另外对于时机和发展机遇来说，现在CBD在东扩和南扩，和垡头组团也是相关联的。最近的一个概念，是北京要打造世界城市，垡头片区作为朝阳区和通州、大兴、亦庄等几个区域的交界处，有它特殊的战略地位。这是大的战略背景。区位的问题：垡头片区组团的区位，除了刚才CBD东扩、南扩的优势以外，还有一个重要优势就是位于朝阳区、大兴、亦庄的交汇区，这个发展是非常有利的。昨天亦庄的管委会的副主任也来了，谈了这个问题，亦庄主要作为北京高科技区，主要功能是在生产、产业发展方面，而CBD的区域主要是商务，所以垡头这个区域作为CBD的后进区，也是作为连接亦庄的产业区，所以它今后在研发、高科技孵化、外向型经济方面都它重要的连接作用。环渤海城市带三大步骤拉动京津冀一体化发展接下来我谈谈城市带的问题。目前比较成熟的城市带第一是珠三角城市带，以广州、香港、深圳为中心的珠三角区域，形成了比较密集的城市群。这是国家最早的城市带概念区。第二个城市带是长三角，以上海为龙头的辐射周边的苏州、杭州、无锡地区，一直到南京，形成了一个非常密集的城市带，也是比较发达的区域。第三个地方就是环渤海城市带，随着天津滨海新区政策逐渐明朗以后，这个区域将会逐渐发展成一个以北京、天津等城市为核心的城市群的概念。珠三角大家可能比较了解，除了深圳、广州，港澳不算，有珠海、佛山、中山、顺德那一片是非常密集、非常发达的城市，长三角也是，从上海出来，包括苏州、杭州、南京、常州等等地区。环渤海区城市带的发展是相对来讲比较滞后的，环渤海地区除了北京、天津以外，基本没有什么特别大的城市，像廊坊、香河相对来讲发展比较滞后的。环渤海城市带规划大致有三个步骤，一个是京津冀一体化，是国家的战略定位，以北京和天津两个为龙头，逐渐发展成一个比较发达的城市群，能够把京津冀连成一片，就是环渤海的重要区域。第二是形成环渤海经济带，联系面就更大，从大连开始一直到山东的青岛、烟台等区域。第三是可能会有一个东北亚的经济核心区，逐渐辐射到日本、韩国这一周边片区的国家和城市的大的发展区域，成为东北亚发展外向型经济、贸易、高科技的核心发展区，这个定位是比较高的。回过头来说这三个阶段的发展，除了天津滨海新区以外，垡头片区地理优势非常明显，从东南部出去以后，京津塘高速、京津冀高速、京沈高速都会经过这一片区域，包括京沪高速也会通过这一区域，所以这一区域的交通优势也好、开放程度也好，会逐渐成为一个往东南方面发展的经济一体化的北京方面的龙头。另外还有一个认识，北京的几个发展区域，分成几个大的方向来说，有东北方、西北方、西南方、东南方，北京东边是比较开放性的经济，东北方是空港经济区，是一个国际空港，把空港作为一个纽带。东南方的发展是相对滞后的，虽然交通方面有很大的优势，但是发展是滞后的。这次利用垡头这个区域，逐渐发展成以天津海港为海域的经济发展区，有贸易、物流等等。十八里店地区原来规划有一个物流港，2004年就规划了，但是没有建设，这次划到垡头区发展功能里边来，做成一个物流、会展等区域，这是一个功能定位的优势。我要评论
房产	环渤海总部商务区将成为北京建成世界级城市的载体主持人：我觉得您介绍的挺全面的，整体大背景给我们介绍了，已经确定了在这么一个大背景下的龙头地位，我觉得是京津冀这块的龙头地位。接下来我用关键词来引导垡头区的功能定位，我看了几个所谓的关键词，第一个就是十年的概念，到2020年建成整个的功能区。第二个是所谓的高端转型，就是实现这个目标的高端转型，或者您帮我们解读一下垡头区的整体功能定位。环渤海总部商务区重点打造“总部办公、研发孵化、商务服务、文化休闲”四大功能谭笑：目前来说没有什么特别细的具体的东西，因为方案正在征集当中。原来北京市对这个区域是有一个空间规划的，但是这次方案征集不管是政府也好，还是规划部门也好，都希望通过方案的征集，取得一个新的规划方案，对功能区的规划和控制进行调整，这次的目标规划到底是什么样子，还不是很具体，只能说一个大的方向。垡头组团在北京十个边缘组团里，垡头组团是中等偏大的组团，占有的面积是几十万平方公里，这次拿出来规划的核心区只有15.6平方公里左右，这15.6平方公里里边包括一核、一带、两个片区，这是初步的方向性的东西，一核指的是核心区，也就是位于现在目前北京华侨城(企业专区,旗下楼盘)和老的垡头住宅区等一片大约9平方公里的区域，是这次规划的重要核心区，功能定位都比较明确，是一个国际性的总部基地 (论坛 相册 户型 样板间 点评 地图搜索)，包括一些研发、高科技孵化等等功能，还有高端的办公区域。其中也包括焦化厂，焦化厂会做一个工业遗址公园，把它保留下来。届时这个区域会形成一种高科技的概念，有研发、有孵化，还有遗址公园的感觉，是这样一个概念。主持人：主要是焦化厂面积也比较大。谭笑：对，还要打造北京低碳环保的经济区的概念，我们也参与到了这个策划过程当中来，也征求了政府部门的一些意见，比如低碳、环保等方面的意见。但是目前国家对低碳这方面还没有统一的标准，都在研究当中，希望通过我们的规划，能够把这个概念融进去，而且形成一个低碳的模范区。主持人：但是还没有去界定大致的标准。谭笑：现在没有标准，什么叫低碳，怎么样才能成为一个低碳的功能区，还没有标准。主持人：可能会倡导这方面的方向。谭笑：对，我们希望来探索，为国家做一些探索的工作。另外刚才说一核、一带、两个片区，一核主要指这个片区。一带是指生态旅游休闲区，是一个带，这个带目前咱们所能掌握的资源，除了北京华侨城已经非常明确了，要作为北京市的文化产业示范基地，北京市授予了这个牌子的，肯定会作为一个龙头带动。还有其他的资源优势，萧太后河，是具有历史文化积淀的，文化很长，但是目前像臭水沟一样，需要治理，萧太后河的下游连接到通州大运河那块，治理的不错，但是上游环境很差，这次希望通过治理能恢复它的原貌，并深入挖掘其历史积淀。当然焦化厂工业遗址公园将来也会成为一个休闲旅游的地方，这是目前现有的资源。我们想通过这几个资源整合，再加上规划对它的建设、环境的打造，能够形成一个比较成熟的休闲、旅游的带。主持人：刚才看数据，整个功能区的容积率是非常低的，平均容积率是0.4。谭笑：对，这个区域将会作为一个低密度的工业区或者研发区。我想多谈一下北京欢乐谷，在这次区域规划中，欢乐谷肯定会发挥出它比较重要的带动作用，因为北京欢乐谷已经成型了，而且它的辐射和带动作用比较明显。目前北京欢乐谷的知名度很高，但是它仅仅是一个景区的概念，没有形成我们业界所谓的旅游目的地的概念，因为它的体量和它周边的配套目前来说还不够，一个旅游目的地的概念应该是有旅游、有休闲、有购物、有消费，这些整合在一起，还有会务、酒店等等，这些产业集合在一起，通过一平方公里的欢乐谷，周边可能有两到三平方公里的酒店群、会务度假，还有像国外那样的奥特莱斯的购物，还有一些消费，比如像新加坡的愚人码头等消费场所，才能形成一个旅游目的地的概念。我们想借助这次功能区的规划，在这一带实现它的功能定位和开发建设。主持人：一般我们的方案里有这个建设吗？谭笑：我们肯定会考虑，我们会把我们的想法提供给规划设计单位，这次设计是由规划设计院牵头，我们会提供一些思路、想法和对市场定位的思考在里面。主持人：只有这样才能把它跟城市文化休闲带建立起来，包括北京欢乐谷的景点。谭笑：而且建设好以后，档次会很高端，包括办公区、研发基地等等，都会相应的比较高端一点。而且刚才提到十年的概念，是政府希望十年能够把这个核心区，就是我说的这15.6平方公里的建设能够到位，因此后期的发展应该是很有前景的，空间很大，我现在大概就能说到这一步，后期如何建设还在方案征集过程当中作为一个重要部分，就是开发的节奏、进度、周期，包括方案安排，都是很细的工作。主持人：方案报批的时间怎么样？谭笑：我们7月16号已经给朝阳区政府和管委会提报了一次，阐述我们的初步思路和方向，从政府的角度了解一下设计公司提供的东西和政府所需要的是不是契合，政府很认可我们的大概思路，对整体思路也比较赞许，但是只是初步的。第二次是8月20号左右，会阶段性的给政府提报方案，那时候可能会有一些初步的成果出来。9月22号提交最终成果，包括规划方案，包括大的沙盘模型，还有一些多媒体资料等等。主持人：沙盘模型？谭笑：我们整个片区的规划都会出来，包括沙盘，包括成果都会出来。主持人：那应该相当细了。谭笑：是的，到9月份就会很细了。主持人：那时候各个大概地块的情况都会出来。谭笑：那时候就不光是划块，比如这个地方要建一个200米的高楼，那个地方要建一个10万平米的办公室，这样的细节都会有，包括初步建筑形态的建议。主持人：那时候可能谈的就会更多了。这个阶段当中华侨城会扮演什么角色？接下来的整个功能片区想要怎么样？北京欢乐谷不仅是景点 更要打造旅游目的地 北京华侨城做片区开发的领跑者谭笑：我们把我们的概念想法，一个是对华侨城八年来对于区域的认知，另外华侨城本身也有成片开发的模式和经验，即“旅游+地产”的开发模式，我们想把这个经验也应用在片区建设过程当中来，因为成片开发不是城市规划的概念，我们只是项目规划的概念，比如政府给我们几平方公里的土地，我们在这里哪个地方做旅游，哪个地方做什么，我们会深度提供我们的经验，其他就是参与一些市场调研和政府的意图，来协助设计公司做规划。主持人：会在这个大的片区深耕吗？目前的华侨城已有的一块或者欢乐谷已有的一块，有其他的深耕动作没有？谭笑：对投资开发还为时尚早，因为现在的开发，国家的土地制度等等都是属于政府主导的，我们作为一个企业，肯定希望能在这里继续发展，也希望能够获得更多的土地资源，主要看政府的定位和国家的土地政策，我们自己很难把握得了这方面。主持人：在整个大片区可能对于北京整个区域、整个城市的影响有什么关系？谭笑：现在说不太好，可能最后的规划方案里会有一些城市规划的导则，现在还很难说，北京十大边缘组团政府都会投入大量的精力，垡头这个片区综合因素谈了很多，打造世界城市，经济一体化等等，都有关系，但是对北京市来说，可能对垡头的带动会大一些，其他的还不太了解。方案是这样的，七个联合体是政府选出来的，最后会决出三个优胜的获奖方案，但是没有任何一个获奖方案会成为政府的最终规划方案，届时政府会综合这些规划方案中的优点对这个区域进行规划和开发。主持人：我看居住用地比例是控制在25%到35%的概念。谭笑：也不小了，十几个平方公里，25%就是三四个平方公里了，原来最早的时候，在方案征集之前，北京市的城市规划这块在十八里店的片区规划方案比较大，这次可能会调整，十八里店会展、会务可能会偏多一些，在垡头片区可能四环到五环这边，涉及到豆各庄会有一些住宅用地，但是都很难最后确定，也是一个参考的数据。主持人：其实结合目前来看，这个功能区我们刚开始可能谈的是政府的规划，其实是政府的概念，从此前通州提了这个概念，对通州整个楼市影响来看，您觉得概念的出台或者界定方案的时候，会对整个区域的楼市产生什么影响？我觉得对华侨城是最利好的。谭笑：不光是华侨城了，对片区来说利好是毋庸置疑的，是肯定的，肯定会积极的影响，但是影响程度有多大，我们看通州打造世界城市我们也参加了，通州区政府对华侨城也是盛力邀请，里面有一个核心区，也有其他的商务区，也有休闲区，休闲区的建设也邀请了华侨城参与，我对他们那边也了解一些，北京市很重视，北京市管规划的副市长也参加了，但是炒作的好象有点过分，把房价给炒起来了，现在有点骑虎难下，弄不下去了。我们希望城市的发展是很正常的发展。垡头的组团在十大组团里发展是相对落后的，朝阳区抓住了几个机遇，奥运会也好，CBD也好，包括海淀区那边的发展也好，但是从垡头组团来说，垡头组团离CBD直线距离只有9公里，但是到这儿来看的时候，能看到很多七八十年代的建筑，八十年代的老社区等等，所以它的发展是比较滞后的，我们在之后会积极的来促进。但是垡头社区这次在规划里是没有纳入到规划方案里来，可能会以后慢慢发展，重点发展周边的区域。主持人：我觉得可能纵观这块，目前在售的几个楼盘起来对会周边有一定的影响。谭笑：肯定会的，我们华侨城发展时间比较长，而且有北京欢乐谷作为依托，北京欢乐谷是我们自己社区一个大的配套。主持人：现在变成了整个区域的配套。谭笑：其实北京欢乐谷经营的这些年，已经对这块的经济起到了很大的带动作用。但是整个垡头片区的大的组团概念起来以后，对片区的提升可能更大。但是从华侨城来说，在这个区域应该还是龙头地位，从具体的区位优势和成熟度来说，都是有一定地位的，我们自己是受益者，但是我们希望通过我们带动更多的区域起来。主持人：我们目前在探讨这件事情，或者华侨城牵头做这件事情，已经体现了它的龙头地位的作用。因为只有这种把区域真正提升起来，区域的各个项目才会受益。请您介绍下华侨城下半年有什么新的动作？谭笑：我们华侨城从现在这个项目正式启动是2002年到现在，有8年，我们肯定有继续在北京获取资源的计划，从两方面，一方面是类似于北京华侨城或者深圳华侨城片区开发的项目，我们正在积极推进，跟北京市政府都在探讨规划的问题，还有土地资源获取方式问题，我们锁定了几个比较重要的项目，当然这个还需要比较长的时间在政策方面进行探讨。另外从纯市场化土地招拍挂的方式，我们目前也正在策划，锁定了几个比较重要的区域，北京市的供地计划，今年到明年会有一些商品化的住宅推出，我们也想通过我们对北京市市场的认识和我们自己的调研，想参与到几个重点地块的招拍挂过程当中去，这两个方面都正在做，今年年底或者明年上半年会有项目能够有框架性的措施。我们现在关注豆各庄、房山，还有大兴有一些地方，我们都会关注，但是还不太成型。主持人：感谢网友今天对我们这次访谈的关注。预告一下，到7月30号，周五的下午，会有一场环渤海总部商务区财富论坛，到时候会邀请到一些规划专家和政府方面的人士跟谭总一起，还有万科等一些大的开发商，我们一起论道，把这个事情说得更透一下，从各个视角谈这个事情，所以先做一个预告。谢谢谭总。谭笑：非常感谢。我要评论
房产	产业地产商责任更大 做好产品与服务是核心价值主持人蒋鹏：做得好，应该说背后也付出了非常大的代价，比一般开发商要承担更多的责任。刚才您提到一个就是环渤海总部商务区。其实环渤海总部商务区也是落户垡头，将来会用十年左右的时间建成一个巨大的高端休闲商务带，也是拉动京津冀一体化的重要区域。您谈谈环渤海对于亦庄或者京南的带动作用？环渤海总部商务区将带动产业布局发展王东升：环渤海是整个京津地区一个大的产业带和城市带的形成。包括垡头这块，包括丰台等地的南扩，其实也是北京城市化进程发展，它在各大功能区里面其中有一项是加大五百强企业，包括总部研发中心，包括一些交流活动近可能在北京落户。我们北京市现在五环发展已经非常成熟了，应该说这么几年时间能够很快联系起来，这样对整个产业布局都会起到很大的作用。主持人蒋鹏：对。胡总您谈谈。胡晓睿：我觉得从公益角度来讲，我们看到现在各个地区的城市核心区，不管是海淀区还是朝阳区，现在都没地了。比如咱们每天都在CBD上班的人全都挪到亦庄或者六环往外的地方，可能不太现实。但是企业发展，不管是咱们外界还是内部企业的发展，它需要更多的成长空间。在未来这些土地供应商，在核心区可能已经没有更多的地或者更多低成本的地再出现的时候，它的选择会越来越少。我觉得环渤海总部经济区的出现其实是一个自然而然的事情，其实是咱们到了这个发展阶段了，我觉得是一个自然选择的过程。其实这个公益是后面有一些需求在推动的。王旭东：我感觉咱们探讨这个，是不是一个有计划的产业布局，就像长三角的区域规划，它提出的概念就是产业的一个布局，梯次型的产业布局。北京环渤海区域是不是就可以做成一个以北京为中心，向河北、天津、沈阳地区辐射的一个产业聚集的形式来分区域去规划。现在提出产业聚集，每个产业园有它的一个定位，也吸引相应的龙头企业到这落户，形成一个产业链。我觉得可能是国家一个有计划的布局。长三角区域规划，上海是一个先行者，接下来是不是北京一个大的规划就会诞生。主持人蒋鹏：其实我们对产业地产还是充满信心的。同时，我们也看到目前产业地产市场也存在一些问题，最后一个问题就是问三位专家，目前产业地产存在哪些问题？王旭东：我还是说到产业聚集，其实早几年就有产业聚集的概念。但实际在操作过程中，不管是政府招商还是企业招商都会遇到一个问题，就是不能按照原来的定位来做招商。联东这方面有没有遇到过这些问题，就是不能按照原来的产业定位去招商。王东升：最早之前有。王旭东：因为在03年的时候招商由不得招商单位，谁来都可以。但现在不一样了，我知道联东U谷的招商一定要符合企业的产业定位。而且一些园区的政府招商单位门槛是越来越高。现在投资强度和产值，还有税收，还有就业，都成为指标，没有这些就免谈。我觉得这也是一个变化。但我觉得咱们产业地产能不能继续走这个道路，坚持把适合自己产业园的企业留下，不适合的介绍到其他区域去。适合的也不能进来容易，之后就不管了，一定要给企业一定的扶持政策。主持人蒋鹏：这给了王总一个方向，我们能不能坚持这么做？王东升：我想无论从主观还是客观都要这么做，无论从北京政府还是国家来看都是严格要求的，所以我们必须主动去做。胡晓睿：这是一个良性发展的趋势。王总他们可能有一个发展的过程，02年从近郊开始。比如上海就是高端制造业的总部，还有通信，它就这两项，不做别的。像北京，就有电子城专门去做电子通信，什么都不做。到亦庄，现在也是和各个地产商走得都是一样。以前可能叫粗放式发展的过程，变成现在集约式发展的过程。和刚才王总说的企业对于精细化管理的逻辑和时代过程都是一样的，因为人都是在变的，都是在向好的、良性的有效率的方向去发展。我也同意王总说的，一定要坚持住。其实从上到下，从一线城市再到三线城市，可能是自得其乐，不要去抢，让一个需求自然地选择到那个地方。王旭东：让市场自己去平衡。胡晓睿：对，高端需求要找高端的地方，中端需求要找中端的地方。同时接受需求的开发商或者园区，要对他们进行一些把握。这样会是一个方向性更强的发展。王东升：刚才说到目前的现状，我觉得有三个现象。第一，产品还需要精益求精。最近我一直在做新项目产品规划。做这个产品的时候我们提出的口号就是“空间改变效率，品质提升未来”。做产业地产，对我本人来说使命感更强一些。比如做住宅，我当初设计出的一个管线没做好，我们业主不满意把它敲了以后，我心里会很内疚。我不小心多看一次图，这个老百姓就可能多花一万块钱。但是做产业的时候，这个使命更强，我在空间上稍微动一点点，我们企业会节省很多的成本，我们企业又带动多少名员工？所以这块需要很多开发商一块来做。第二，就是服务这块，现在的服务确实很薄弱，需要政府和企业一起来加大服务力度。第三，我想还有个别的产业地产商打着产业地产的幌子做一些类住宅产品，这块是一个原点问题。这块，我想还是严格按照做产业地产来做，做产业一定要为企业办公生产使用。这块是个原点问题，不能打着这个幌子来破坏行业规则。主持人蒋鹏：好，感谢三位嘉宾做客我们嘉宾聊天室！我要评论
房产	国内外投资选址首选因素：产品优惠政策与人才主持人蒋鹏：请三位谈谈目前国内外目投资选址考虑最多的几个因素？国内外投资选址首选因素：产品、优惠政策、人才胡晓睿：回到刚才的整个方向，比如它是一个核心产品，比如汽车品牌，不管丰田、奔驰还是大众，如果是它的配套商，他首先要看是不是离它的组装厂比较近，这第一就决定了它往哪个方向去，或者是沈阳、北京，他不可能突然跑到新疆去。这是一个条件，是他的产业决定的。第二，当然是各个地方政府，还有当地开发商给他们的一些优惠政策，有从税收方面的，也有从纯商业方面直接给到的一些经济上的优惠。第三，就是看人才，看哪个方向最有他需要的人才，不管是一线人员还是管理人员都有一个偏好。还有一点，有一些感性的因素在里面，比如最高层就喜欢沈阳，他就去沈阳。这个城市后面可能有一些东西就是吸引他的。长三角那，说白了，一百多年前，就是1900年之前，他们在上海开始把一个一个租界建来，它周围做商业的气氛或者做生意的气氛更容易一些，可能它开始得就更早。主持人蒋鹏：但是最最基础的还是政策。胡晓睿：一个是政策。如果说你把龙头带过去，那是纯的政策。如果龙头后面跟着这些产业，那就看龙头在那。主持人蒋鹏：刚才胡总谈到一个感性色彩，联东有没有感性色彩在里面？王东升：主要是理性，感性的很少。图为北京厂房信息网总经理王旭东王旭东：刚才说到这个，我觉得可以从客户角度来分。我觉得从客户分类来讲，主要是一些大客户，产品附加值的高新技术企业，他们在选址的时候第一会考虑到这个区域的政策，这个区域的政策能够扶持企业，能够给阶级带来一个良好的空间，他会优先从政策去了解。接下来就是产业定位，比如它是制造型的企业，他做机械设备，他可能希望找这方面的产业园。做医药的企业，他可能会到药园。这和企业定位有关系，他不会到一个不适合他企业的园区去发展。第三，应该是一个大的环境，就是它的配套设施和服务能否跟上，能否给他相应的配套环境，还有一个良好的生产发展空间。第四，才是价格。这是应制企业。还有一些中小型企业，这种企业可能优先考虑的是后两项，这块我的员工上班是否方便，我的运输能否节约成本，其次就是价格，价格可能在中小型企业里面占到一个很重要的决策，可能相对价格低一些的区域，比如六环外或者再远一些，廊坊、固安这些地方，投资成本和生产成本相对来说降低，对企业的生产和发展都是有帮助的。其次，他们会考虑到前两项，政策和园区规划。主持人蒋鹏：对，很多产业地产商都是您的服务对象，您原来也对他们进行过调研？王旭东：对，其实我们一直在做工作。平时跟地产商、开发园区和政府在沟通的时候谈到的信息都符合咱们客户的要求。主持人蒋鹏：王总，联东也是八年的运营，有着丰富的经验，您觉得联东U谷在选址的时候最看重几个因素？您觉得企业在选址的时候最看重哪些因素？投资选址客户最看重经营与效益王东升：刚才两位嘉宾谈到客户关注点，这方面我非常认同，其实我们一直在分析客户。在这些无论位置、产品还是服务或者产业环境，背后的核心是什么？企业的使命是什么？经营、效益。它的投资选址是它所有经营环境里的一个环节，它这个环节就要考虑到低成本高效率。所以我们把低成本高效率作为一个最核心的环节。在这个核心下，它会对产业环境进行分析，产业环境包括产业政策，产业链条包括相关的配套。在这个基础上，他们还要考虑到位置，比如它的物流成本和原材料成本在供应链上是否满足它的要求。还有它的员工是否便于招聘，包括居住这块。其实从满足企业低成本高效率需求来说，首先是选址。在位置上，客户对位置的要求，迫使产业地产商不能像一般开发商那样只为挣钱了事，我们首先要瞄准这个区域的资源，到底有没有这样的条件。胡晓睿：对，它的复杂性就在这里，地段是一方面，现在已经超越地段的问题了。王东升：对，必须把这个区域的产业结构、需求分析透后，才有可能谈配套和交通。所以在选址上，这块是比一般的开发难度要大很多。联东U谷的选址，当时我们看了北京市很多方向的布局。东南方向未来是一个高端制造业，包括环渤海经济圈这块，这是一个大区域，首先要满足这个大区域。同时，我们锁定亦庄经济开发区，是北京这几大功能区重点发展的制造业。所以我们选在这里。第二，是产品。我们去年对我们的企业，包括一些客户进行摸底调研，实际上目前市场上除了企业自建之外，企业租的或者买的厂房，大家满意程度都非常低。为什么低？可能企业小的时候不讲究，企业稍微大一些的时候比较讲究。他想要求很高，但是都满足不了。所以我们去年加大对产品的研发和创新力度，更可能通过产品给客户匹配度更高一些。实际上很多企业到我们这，就因为在北京市找不到合适的产品，我们的产品最全，而且每年随着客户的需求我们会研发出不同的产品。这个产品研发的难度很大，我们会从各个角度去分析客户的特点。第三，就是环境。刚才说到除了产业政策之外还有整个社区的生态环境，我们为企业方方面面提供了非常好的环境。还有一点，我想强调一下服务，因为这是客户服务看不到的。比如我们给企业提供的服务，除了基础的物业管理服务之外，还有定制服务和增殖服务三项内容。产业地产基础物业服务，其实比住宅难度要大很多。第二，就是定制服务，因为每个企业不同，它可能需要一些不同的服务。增值服务，我觉得现在联东U谷在全国产业地产还是相对走在前列的。我们推出增殖服务，去年取得了非常好的效果。现在我们在招聘这块，我们去年给企业解决了几百人的需求。另外，在通采通购上，我们也给企业降低了成本。今年，我们还设想在培训上，在整个园区针对高管，针对员工提供一些服务。最近我们还跟行业一块在探讨，如何提供适合中小企业的经营产品，其实这种服务都是看不到的。如果能给他们提供，企业这块可以节省很多成本，而且很舒适。我想这几块是联东U谷这些年做得比较好的地方。我要评论
房产	王东升：企业对空间精细化与品牌关注度越来越高主持人蒋鹏：我们有一个口号叫“住宅看万科，商业看万达，产业地产看联东”。王东升：这是联东U谷的一个使命。主持人蒋鹏：胡总，世邦魏理仕也是专门有一个区域专门研究工业产业地产的，您谈一下未来产业地产的变化会对未来产业地产商带来哪些变化？他们将来的应对之道是什么？产业地产商要发展就要跟着政策走、跟着环境走、跟着客户走图为世邦魏理仕副董事 胡晓睿胡晓睿：其实应对之道，我觉得他们心里早已经有答案了。还是从两方面来看。一，从空间上来讲；二，是从地域上来看。比如前面由生产加工变成了电子信息，现在又变成医药类的，就必须要定制这个厂房，做定制，有一些需求是非常特殊的，或者它的产品生产线已经到达了一定的规模。比如刚才提到的定制，可能是对于生产类型的企业最后的解决方案。这是一方面。第二，就像他们在无锡做的，也是企业总部办公这种类型的，我们把它化作商源。这也可以说和大势走在一起的。我们原来总结过一个东西，咱们整个生产发展先由简单的加工开始，等简单加工到了一定程度以后，它就要把这些最简单的功能放到更便宜的地方，现在这个地方就开始做产业升级。比如今天大家都在做手机，手机里面现在除了打电话、发短信，我想弄一个邮件过去，我现在不光要把设备升级，设备升级之前我还要找一些懂产业的人告诉我什么时候把这个电子邮件系统放到整个系统里面。就像商务源的需求，慢慢通过这个例子就展开了。现在像无锡这样的项目，我觉得他们还要在珠三角附近开始，这就是王总这一类以联东为首产业地产要走的一条路。再强调一点，这和整个经济发展大势也是走在一起的。主持人蒋鹏：说明产业地产的区域性特别强。胡晓睿：对，我相信王总也同意我的观点，北京不是一个生产型的城市。刚才王旭东主任提到，它慢慢演变成以服务业或者以低能耗产业过渡聚集的一个状态，慢慢向第三产业发展。从区域来讲，北京就是一个专门做高端或者以人才聚集的一个城市。放在南方，长三角周围就已经形成了一个非常强的产业链，它那么多年从上游到下游的配套商，每一个产业几乎都在那里。这是不同的发展方向。比如拿做手机来讲，深圳那边组装的东西相对来说是它低端级的一个产品线，北京和上海就是研发，这个区域可能是这样分的。从北到南，再往北讲，东北也有，东北是以汽车和工业制造为主，它是要把以前重工业留下的影子再度辉煌起来，这也是他们的一个发展方向。这只是几个例子，几个不同地域可能有不同的区别。产品与品牌是影响产业客户选择的关键王东升：这几年产品的变迁，我们感受很深。最早王总说到2002年的时候基本上都是集中厂房，后来逐渐是两三层框架厂房，到现在是高层厂房，其实从我们联东U谷来说，我们厂房变化现在已经到了三到四代。从独栋办公来说，我们应该是第二代产品。从产品变化过程中，可以说一方面越来越满足客户的需求。我们在做这个过程中，最近有一个很大的感触，就是企业对空间的精细化需求越来越高。原来一开始外企到中国来投资，他们对空间的要求比较高，比如他要一万平米的生产间，他对车间里面的空间功能研究得很细，包括生产链和办公流程研究得很细。我们中国民营企业过去对这些概念都是很模糊的。实际上这几年随着我们国家民营企业的觉醒，他们也越来越开始关注空间布局的精细化。他们在空间布局上，可能过去按米来卡，现在可能按厘米来卡这个尺度。空间精细化需求背后的根源，一是我们国内民营企业的高速成长；第二，就是对管理的需求也在精细化，就是管理的精细化导致空间的精细化，这是我最近发现的一个方面。另外，从产品的演变过程，我觉得现在企业对品牌的关注度越来越高。过去全国各地有很多大小开发区，包括一些村镇开发区，还有一些企业自建之后多余往外租的，这种规模很小。现在企业选址更多是注重工业化园区，对品牌园区越来越关注。我们联东U谷过去在做调查，发现很多客户认可联东U谷的品牌，这个品牌不光是我们联东U谷的品牌，是入园企业的共同品牌。在不同区域运营 产业开发商的角色侧重不同王旭东：我补充一点。联东U谷现在入住的企业，可能2002年的时候客户没有要求这么细，这个时候客户的入住质量要求非常高的，而且倾向于总部。大家一提到服装企业，可能没有太高的技术含量，但实际上这些服装企业他们是以设计，跟国际时尚接轨为主，现在已经入住的有婷美。 王东升：现在更多是功能，不是生产了，第一，是企业办公；第二，是做展厅，一楼都做大展厅，他们每年要开春夏秋冬四次展销会，还有一个就是研发办公这块。王旭东：还有一些五百强企业，有六家已经入住联东，我觉得这都是他们产品的升级，也是客户需求的升级。主持人蒋鹏：对，这跟当地亦庄区域开发区的定位也有关系。王东升：这也是产业环境的发展，刚才胡总也提到长三角的发展很健全，其实背后的支撑一个是城市群，那边整个城市进程化很快，自然会带动产业的发展。主持人蒋鹏：我记得王总也提过其实房地产开发商也肩负四商角色，开发商、服务商、运营商、投资商。您觉得将来这四商角色还会分出哪一些其他的角色吗？王东升：我觉得在这四个功能里面，现在整个市场做得还是比较浅的，未来可能在某个领域会做得更专业更细分。主持人蒋鹏：能不能说在不同区域，这四种角色体现的不一样？王东升：北京是运营商和服务商多一些，沈阳以开发商为主，同时兼运营和服务这块。到长三角，现在是服务和投资，这和各个区域确实有关系。我要评论
房产	全经联观点预告：政策房设计重面子更要重里子近日，北京市政策性住房规划设计方案评选结束。从7月8日起一直到8月7日，“北京市近期建设政策性住房规划设计方案展”开始在北京市规划展览馆进行展出，位于16个区县的42个政策性住房的规划设计方案集体亮相，听取市民意见。展出的42个政策性住房规划设计方案因均存在需要完善的地方，因此已被市规划委要求设计单位对方案修改后再进行展出。政策房设计的集体“枪毙”再一次提醒我们，政策房设计重“面子”，更要重“里子”。8月12日下午一点半可进入直播间  >>>点击进入直播间主办：全经联可续建筑委员会、楼市传媒协办：新浪乐居拟定话题：1、针对42个政策性住房规划设计方案遭集体退回的事件，各位嘉宾如何看？2、政策房设计要坚持怎样的原则？3、如何保障政策性住房的合理性、可续性。参加人员：谢远骥 原首规委副总建筑师、建设部住宅产业化专家组专家开 彦 全经联可续建筑委员会主任、中国房地产及住宅研究会人居环境委员会副主任杨乐渝 全经联秘书长李小宁 全经联可续建筑委员会秘书长、豪尔斯企业董事长卫 东 中央人民广播电台著名主持人翟 ? 京华时报记者主持人：李小宁活动方式：1.  由主持人宣布论坛开始；2.  介绍成员及本次活动；3.  主题发言。每个议题主题发言人时间不超过五10分钟；主题发言人发言完毕后留不超过30分钟的自由讨论时间，由主持人控制；4.  主题发言期间，其他参会人员不得发言或争论。5.  议题完毕后，每个人进行一分钟总结发言；6.  合影后活动结束。7.  整个活动争取控制在两小时到二个半小时之间。8.  经与新浪房产沟通，本次活动将进行新闻报道、房产专题、图文直播和博客报道，并发动全经联成员参与讨论。我要评论
房产	威尼斯建筑双年展樊跃与王潮歌作品落户上海星河湾2010年9月上海星河湾即将入市，打造建筑界与艺术界盛世之举——万众瞩目的威尼斯建筑双年展中国馆代表作品之一“风墙”将永久落户上海星河湾。同时作为2010年中国最受期待楼盘的上海星河湾也于将要揭开神秘的面纱。新浪乐居《梁上燕下午茶》：探索与论道图为星河湾董事副总裁梁上燕现场致辞威尼斯双年展是一个拥有上百年历史的艺术节，是全球最重要的艺术活动之一。与德国卡塞尔文献展、巴西圣保罗双年展并称为世界三大艺术展，被喻为世界建筑界、艺术界的瑰宝。2010年，中国首次以国家馆姿态参展威尼斯，并确定了万众瞩目的“来此与中国约会”的主题。印象系列总导演樊跃、王潮歌以跨界艺术家的身份首次应邀为中国馆内设计了优秀的作品《风墙》。王潮歌、樊跃作为中国最具创新精神的导演，与张艺谋合作开创中国实景演出的先河，代表作为“印象”系列，近年来参与了建国六十周年、北京奥运会开幕式、《秦始皇》等多个大型庆典及歌剧导演工作，此次他们又携手将“中国骄傲，感动世界”的主题带入威尼斯双年展，让中国惊艳世界，让世界聚焦中国，今天，他们将魅力之作永久落户上海星河湾，将与上海星河湾再造“中国骄傲 感动世界”的奇迹。图为樊跃与王潮歌作品落户上海星河湾本届威尼斯双年展的主题为《相逢于建筑》，而中国馆与之相呼应的主题则是《来此与中国约会》。“约会”的主题，强调的是每一位参观者从受邀到赴约，直到使用这所建筑时的感受过程，并通过这个过程来感受和了解中国建筑文化中的“开放性”和“写意性”。《风墙》在飞翔的鸟和画面中用“风”做墙，这面墙的体量、体积、高度、材质、色彩取决于人的现场感受，“即便是在10厘米的距离你也不会感受到它的存在，但当你触摸风墙时，你的感受会有很多的可能性”。而王潮歌、樊跃等艺术巨匠将全程参与此次活动。据介绍为配合中国馆王潮歌、樊跃作品的落户，上海星河湾还将盛世推出“中国骄傲  感动世界”之夜，全面评选及发布10位以中国骄傲，感动世界的人物，而中国著名时装设计大师郭培更将在上海星河湾出席，演绎“花样年华旗袍秀”，《上海滩》原唱巨星叶丽仪女士也将在多年后再度唱响《上海滩》。一个以“中国骄傲  感动世界”为主题的上海星河湾盛大启幕活动必将吸引世界的目光。而长达一周左右的上海星河湾开盘系列活动更将囊括中国骄傲之夜，山西星河湾之夜、中秋之夜、第二届中国星河湾大会等系列活动精彩内容。上海星河湾必将聚焦中国及世界的目光。我要评论
教育	图文：海外教育嘉年华直接获得招生信息10月16日“2009新浪•澳际海外教育嘉年华”天津站首场在位于天津电视台院内的天宇大酒店国际厅盛大开幕。本场活动这场颠覆传统展会形式，以其新兴的模式及现场众多多元化的互动活动吸引了数千家长、学生，。天津日报、教育报、每日新报、城市快报等多家媒体现场报道教育展盛况。以上图为“2009新浪•澳际海外教育嘉年华”直接获得招生信息。
教育	图文：海外教育嘉年华美国使馆官员讲座10月16日“2009新浪•澳际海外教育嘉年华”天津站首场在位于天津电视台院内的天宇大酒店国际厅盛大开幕。本场活动这场颠覆传统展会形式，以其新兴的模式及现场众多多元化的互动活动吸引了数千家长、学生，。天津日报、教育报、每日新报、城市快报等多家媒体现场报道教育展盛况。以上图为美国使馆官员讲座。
教育	图文：海外教育嘉年华院校听取学生疑问10月16日“2009新浪•澳际海外教育嘉年华”天津站首场在位于天津电视台院内的天宇大酒店国际厅盛大开幕。本场活动这场颠覆传统展会形式，以其新兴的模式及现场众多多元化的互动活动吸引了数千家长、学生，。天津日报、教育报、每日新报、城市快报等多家媒体现场报道教育展盛况。以上图为院校听取学生疑问。
教育	图文：海外教育嘉年华零距离与专家咨询10月16日“2009新浪•澳际海外教育嘉年华”天津站首场在位于天津电视台院内的天宇大酒店国际厅盛大开幕。本场活动这场颠覆传统展会形式，以其新兴的模式及现场众多多元化的互动活动吸引了数千家长、学生，。天津日报、教育报、每日新报、城市快报等多家媒体现场报道教育展盛况。以上图为零距离与专家咨询。
教育	家长必看：英美澳三国低龄留学全接触随着出国留学的大众化发展，低龄留学生已经逐渐成为目前留学大潮中的一股主力军。越来越多的家长选择送孩子到国外读初中、高中。他们大多抱着“越早送孩子出国，越早适应国外的学习和生活，越有利进入世界名校”的想法。事实上，相对高中毕业后再准备出国，低龄留学的确具有颇多好处。张爱玲有一句名言叫做“成名要趁早呀，来得太晚的话，快乐也不那么痛快！”当然，作为普通人，即使我们有这个意愿，也不是轻松就能搞定的事情。而提早出国留学，与心仪的顶尖名校更近一步，则是完全有可能“心想事成”的。所以，套用张爱玲的话可以说：“出国要趁早呀，来得太晚的话，成功也不那么痛快！”据《中国留学行业10年报告》统计，我国赴海外留学的学生数量从1999年2.4万人，增长到2008年的17.98万人。目前我国各类出国留学人员达139.15万人，1999至2009年10年间出国留学人数为109万人，15岁以下的低龄留学生无论从数量还是比例上都有所增长。随着出国留学的大众化发展，低龄留学生已经逐渐成为目前留学大潮中的一股主力军。越来越多的家长选择送孩子到国外读初中、高中。他们大多抱着“越早送孩子出国，越早适应国外的学习和生活，越有利进入世界名校”的想法。事实上，相对高中毕业后再准备出国，低龄留学的确具有颇多好处。成为“国际人” 开启名校之门欧美同学会副会长王辉耀表示，低龄留学并不可怕，初中生更适合留学。他认为，如果念完大学再留学，经历了僵化、填鸭式的中国大学教育，最多只能在研究所里洗洗瓶子、做做杂务。文化存在障碍，观念有冲突，语言也改变不过来，也就无法融入国外的社会。年纪越轻，不仅越容易学习语言，在思想上也更容易和国际化接轨。越早留学，就能越早培养开放思维。新东方文化发展研究院院长徐小平提出倡议，发起新时代的留美幼童运动，继续造就影响中国历史进程的杰出人才。新东方前途出国留学专家也赞同让更多的初中生、高中生走出国门，体验国外优质教育。相比而言，中外在教育体制上存在较大差异，中国学生在国外开放式教育体制下更能充分挖掘自身优势，选择自己喜爱的课程，培养国际竞争意识。而且选择在国外读高中，对日后考上该国的顶尖名校具有绝对优势。英国：读寄宿学校考剑桥、牛津据新东方前途出国英国部张雪老师介绍，英国的寄宿学校多为私立学校，招收5-18岁的学生，其教学质量上乘，学校设施一流，被称为英国的精英教育。学生大多出身名门、贵族，毕业生中很多能就读牛津和剑桥等顶尖名校。张雪老师表示，英国传统的寄宿学校对学生的教育从始至终全面负责，包括对学生的学习、道德品质、社会经验及身心健康的多方位发展。其主要目标是培养学生的个人综合能力，使他们在学习好的同时，建立自信心、展现领导才能、开动运动细胞、充分挖掘个人潜能。这些都为学生以后的工作与学习打下了良好的基础。适合年龄：5-18岁的中小学在读学生。英国学校对年龄要求很严格，认为年龄不到，身心发展就不到。太小或者太大的年龄都不能获得申请资格。对应的课程：5-11周岁，可以就读小学1-6年级；11-14周岁，可以就读7、8、9年级；14-17周岁，可以就读GCSE课程(10、11年级)；16-18周岁，可以就读A-LEVEL课程(12、13年级)申请注册时间：一般来讲，申请注册应该提前一年至一年半，特别著名的中学会要求更早注册，更有名校甚至要提前四至五年注册。入学考试：几乎所有的学校都要求学生通过自己的入学考试，一般A－LEVEL申请有两门考试——英文和数学。个别学校有四门入学考试，即对学生选择的四门专业进行考试。选择课程：申请A－LEVEL的学生在入学前就要选择自己的未来学习的四门专业。这个课程的选择是非常重要的，会涉及到学生未来大学申请的专业方向和未来的职业方向。申请费：每个学校都有自己的申请费，即注册费。一般为60-150英镑，此费用一经申请，即不退还。押金：一般为一个学期的学费，也有的学校为半个学期的学费。学费：英国的学校一年三个学期，每个学期的学费从6000至9000英镑不等，提要提前一个学期支付。推荐学校：布莱顿学院、昆斯伍德学校、奥多中学、空克尔学校、赫特伍德豪斯学校、达利奇学校、切特豪斯学校、巴德明顿中学。美国：上私立中学绕指“常春藤”美国中学分为两种：公立中学和私立中学。新东方前途出国美国本科部卢巍老师认为，由于美国的公立中学只能以交换生的身份读一年时间，而私立中学入学条件相对宽松则是一个不错的选择。且美国的私立中学是一种贵族化的教育，资金雄厚、设施完备、师资力量强，受到众多名牌大学的青睐，学生升入名牌大学的机率极高，很多私立中学被誉为“哈佛耶鲁的摇篮”，教育质量上乘。此外，卢巍老师表示，美国的私立中学规模小，都是十几个人的小班授课，师生比例很高，一般在1：6至1：16，这样学生就会得到更多的关注和照顾。美国的私立中学在注重学习的同时，也注重在运动中培养学生的团队精神与领导能力，保持身心健康。学校还设有各种各样的俱乐部，交响乐团、戏剧、美术、各国文化，让学生广泛地接触和学习，培养自己的兴趣，从而成为全面发展的人才。适应人群：初一至高二在读学生。申请条件：如果想申请顶尖级的私立中学，需要参加SSAT 或SAT考试。部分学校还需要参加TOEFL考试。如无法参加以上考试，也可以在新东方参加SLEP测试，也有很多学校接受用SLEP测试成绩申请。SLEP为中学英文程度测验的缩写，由位于美国新泽西州普林斯顿市教育测验服务中心主持，被称为小托福考试。SLEP的难易程度较适于中学生的程度，这个测试是专门设计给国际学生去美国念高中的。美国90%的私立高中都用SLEP的成绩来决定新生是否需要参加ESL的课程以及须安排的英文等级程度。费用：美国私立中学分为寄宿制与走读制，一般寄宿中学每年的学费和生活费总共在3万-5万美金之间。走读私立中学费用较低，在2-4万美金之间。著名私立高中通常设有才华奖学金和助学金。推荐学校：圣保罗中学、迪尔菲尔德中学、米尔顿高中、格罗顿中学、米德尔塞克斯中学、安多佛菲利普斯中学、菲利普艾斯特中学。澳洲：念私立高中进“八大”名校尽管在澳大利亚居住的人都可以进入政府学校学习，但国际学生仍需要支付昂贵的学费。对于中国学生而言，政府学校学费和私立院校学费的差别不是很大。鉴于私立院校相比政府学校会提供更规范的服务，学生升学率更高，新东方前途出国澳大利亚新西兰部严卫华老师建议，入读澳洲私立中学，对以后升入澳洲名校具有更大优势。严卫华老师指出，相对于直接到澳大利亚大学学习的学生，从澳大利亚高中毕业的中国学生英语水平则更高，更加能适应澳洲的生活方式及融入澳洲文化，而且他们与当地学生一起上课，已经建立了当地学生的朋友网络。另外，他们在高中时就可以进行经济、会计和商业学习，而这些课程在中国的高中是不设置的。这样一来，供他们选择的大学和专业就更加广泛。其中需要指出的是，澳洲大学里面有一些专业只有在当地读高中才被允许申请，例如临床医学专业。同时如果在澳洲读高中的话，进入大学学习也不需要再考雅思。这些都是十分便利的因素。适应人群：初中毕业和高中在读学生，年龄在16-18岁之间。申请条件：初中毕业或者以上、有良好的经济条件、有一定的英文能力、初中或高中成绩在75分或80分以上。申请时间：提前半年到一年时间申请，建议7、8月份先去澳洲读半年语言，然后可以赶上2月份的高中入学。费用：一年约一万五澳币，担保金准备到高中期间即可。推荐院校：泰勒高中、半岛中学、圣约瑟夫纳际学校、易普斯威治文法学校、路易希尔学校、圣欧舒乐学校、圣詹姆斯学校、坎特伯雷学校、米乐学校。低龄“有条件” 谨慎“被留学”新东方前途出国留学专家表示，虽然说尽早出国对孩子以后生活和学习都有较大帮助，但并不是每一位学生都适合在那么小的年龄留学。低龄留学还是具有许多前提限制。首先，学生应具有良好的抗压能力和适应能力。到一个完全陌生的环境，如果学生没有很好的心理承受能力和适应环境的能力，过不了多长时间就会产生“逃之夭夭”的念头；其次，学生必须具备很强的自控能力。假若把出国当成是一种脱离父母“魔爪”的方法，认为没有父母的约束自己可以随心所欲，告诫这类学生最好不要出国。如果花几十万培养出一个“留学垃圾”的话，实在是令人心寒的事；再次，学生需具有开朗活泼的性格和独立自主的能力，这样才有利于快速融入异己生活和文化，独自处理一些生活上的细节问题，结交到与之投缘的异国朋友。另外，学生必须十分清楚出国的目的，不要稀里糊涂地被父母送出国，还不知道究竟是做什么，避免“被留学”。当然，准备低龄留学的孩子必须具备一定的英语基础，避免“交流的无奈”。新东方前途出国留学专家建议低龄小留学生在出国前一定要做好充分准备，出国要趁早，但切忌盲目跟风。
教育	情报站：美国投资移民项目延期三年晨报讯  从2009年10月30日起，美国投资移民EB-5类经济特区项目将延期3年。数据显示，在过去5年里，有近500个中国家庭通过美国EB-5经济特区项目成功获得美国绿卡，也为美国吸引了数亿美元的资金，创造了近5000个就业机会。据悉，美国去年发出了1099张投资移民绿卡，其中293张是发给中国申请人。虽然位居首位的韩国申请人获得了500多张绿卡，但中国人获得的绿卡数量比2006年上涨了4倍。从签证获批数量的增长速度上看，中国已经超过其他国家，位居榜首。北京因私出入境行业协会秘书长、鲲鹏国际总裁胡伟航先生认为，中国申请人获得绿卡的数量将很快超过韩国，成为通过EB-5经济特区法案获得绿卡最多的国家和地区。但由于中国申请人倍增，或将导致申请周期延长。另外，由于部分从业公司辨别项目的能力不够，或者为追求高利润，无视风险，而推广一些无保障的项目，因此美国投资移民中产生的矛盾、纠纷和相应问题也会逐渐增加。(徐虹)
教育	揽才战术：韩国将实施高额奖学金计划晨报讯 近日，记者从金吉列留学首发信息发布会上获悉，韩国将针对优秀自费留学生出台新的奖励计划，并拟定于2010年开始实施。新的奖学金计划主要考核学生在大学期间的学分和生活态度，除了为获奖学生提供一年两次的高额奖学金外，还将提供文化体验及与专业学者交流的机会。同时，学校还将设置交流基金，组织实施“一对一指导”制度，即由上同一门课程的韩国学生对指定留学生进行辅导和交流，帮助其更轻松地完成学业。使馆官员介绍说，韩国很多大学都设有针对外国留学生的奖学金制度。除成绩奖学金(成绩优异获得的奖学金)外，海外研修所需费用也可以通过奖学金的形式发放。因此，积极参与学校生活的学生，将有可能获得更多的奖学金。目前，韩国大学通常对入学评价“优秀”的学生给予减免全额到半额学费的优待，2010年起优秀的自费留学生还将享受更多的优惠政策。(徐虹)
教育	晒晒加拿大学前班英语书是啥样？(组图)字母组合的Sound, 单词 Sound 分解(Decoding)， 拼读拼读单词连起来，就是简单句子。多个句子配合图片，就可以阅读了看，是不是很容易啊！这就可以讲故事、开始阅读了！这就相当于最初的幼儿园阶段的 Story Time 的内容了！当然，幼儿园的 Story Time 还应该会更有趣，配合有动作、角色扮演、绘画、手工、游戏等等让小孩子们很享受的玩的过程以及儿歌等。到这里，大家应该清楚了，Phonics 是如何开始的，只需要一些资料，家长、老师完全可以让孩子做到Phonics 入门。当然，这也仅仅是入门而已，正像我以前的那篇加拿大小学生咋背单词中讲的二年级背单词中展示的那样还有更多的内容，但是，万事开头难，不是吗？女儿在上一年级后，虽然没有考试，但是老师是给每个学生评语的，在课堂上也根据学生阅读的水平给孩子不同难度的书来阅读 - 确实是个性化教学。女儿的阅读，一直是偏上甚至是前几位的水平。老师给她的评语特别强调了她有“Strong Decoding Skills”，说的就是对单词的 Decoding, 就是把一个生词分解成不同的音节、音并进而 Sound out 出来的能力，我认为这就是Phonics的成效。综合女儿在学前班、一年级、直到现在的二年级，在Phonics、阅读等的学习中，明显感觉到循序渐进、由浅入深的这个过程，有很强的内在联系和逻辑。过几天，我再把女儿一年级学校发的一些资料整理一下，给大家分享，也是为我自己保留一份，小宝以后应该还用得上呢！PS: 我家大宝学习的事情由爸爸负责，相关内容也大多由爸爸提供。
教育	海外生存关键词：培养团队合作精神(组图)出国留学———正成为越来越多人的热门话题：父母们争相送孩子到国外念高中、念大学，众多白领也纷纷出国，以期望学成回来后，有一个较大的发展空间。出国热潮持续升温，拿国际通行证已经成为一种普遍现象。可是出国留学不仅仅意味着要努力学习，此外，你是否知道如何与当地人或来自不同国家的学生沟通交流吗？每当谈到这个问题，有些学生就觉得有些头疼，其实这个问题并不难。虽然在海外，各个国家的教育体系有所不同，但是每个国家为有助于学生在学习当中提高自己的综合素质，基本上采用的是一套适用性较强的课堂教学模式——小组式课堂授课方式。此授课模式不仅有助于锻炼学生培养独立思考的能力，更在潜移默化中增强了学生的团队合作精神。如果适自身实际选择去海外接受大学教育，直到毕业前的光阴中如果学生能用心花点时间在课堂专业学习上集中精力，并且摸索到一些自己的学习经验，那么，自己的团队精神已在不知不觉中锻炼出来了。比如在美国，其实在美国留学并非人们想像的那么轻松。有许多作业都是分组完成的。即使你自己的能力再强，但是缺乏与组内成员的交流能力，或是团队合作精神，你也会拉整个团队的后腿，时间长了就没有人愿意和你一组了。长此下去，必然导致学习态度产生消极因素，最终耽误了学业。有一件事情让我印象很深刻，有一次我去听加州圣马可斯州立大学的一堂教学课，这是一堂有关小组作业的讨论课。我发现，有一个中国女留学生被安排跟其他的4个美国女生一组，当明确了每个人的任务分工后，这个团队就开始各自做自己的。我观察到这个女孩可能由于新学期刚开始有些不适应美国生活，英语口语不是特别好。但是强调一下，如果在国内她的口语水平已相当不错，但在美国做到与土生土长的当地人应对自如对话确实有一些距离。于是，我发现她在做作业的过程中，缺乏与组员之间的相互沟通。最后，由于她还算是比较聪明的学生，做出来的东西勉强过关，到也没有对小组的整体成绩产生多大影响。不过令我惊讶的是，当我旁听完这堂讨论课后，这名女孩居然找到我表示觉得非常愧疚。我开始安慰她，告诉她这并不算什么，即便在中国由于方言不同，到了一个陌生城市都有些无所适从的感觉，更何况远行万里到了一个陌生的国度，学习生活上都难免有更强的不适应。不过不适应导致不好意思张口说英语却并非是消极对待课堂讨论的借口。其实美国人都非常的友好，即使你的口语不是很流利，他们也绝对不会嘲笑你的，而且他们反而还会觉得你能说成那样，已经很了不起了。因此，无论是美国也好，其他一些海外留学国家也罢，值得我们注意的是，对于这种采取课堂小组讨论的授课方式，留学生要积极参加，并且从始自终都要坚持与老师同学保持互动状态，只有这样，大学光阴下来，我们不仅能够锻炼出色的口语能力，团队精神的培养正在每一天都把机遇抛给了你，就等着你坚信果敢的去捕捉了！
教育	深度解剖：加拿大商业移民最新趋势随着中国经济的高速发展，办理加拿大商业移民的申请人数也在逐年增长，加拿大商业移民政策的成熟、稳定使之成为移民的上选国。为帮助广大申请人更好地了解加拿大移民，上海市因私出入境服务中心的境外合作方-加拿大KBL顾问集团副总裁PierreRouleau先生特在此对加拿大签证种类及商业移民新趋势为投资人做一番深入的剖析。加拿大签证申请两大类简而言之，向加拿大联邦政府递交的林林总总的签证申请可分为两类：永久居留权申请和短期居留许可申请。第一类主要包括技术移民、省提名(企业家)移民、投资移民以及家属团聚、难民保护和自雇移民的申请。第二类短期居留主要包括工作签证、留学签证、以及访问签证的申请。上述种种签证申请的最终决定权，无一例外，由加拿大联邦政府掌握。然而，随着魁北克政府提出自主选择移民的要求，大约10年以前，加拿大另有8个省份设立了自己的省提名(PNP)计划，标志着各省政府拥有了更多权利来自主地选择移民。现在各个省项目中，运作情况比较活跃的主要有Quebec(法语省份)甄选项目、New Brunswick(英法双语省份)省提名项目、Manitoba(英语省份)省提名项目、以及Saskatchewan(英语省份)省提名项目。加拿大移民法律三阶段简单概括起来，2001年以前，加拿大法律规定，申请人在申请短期居留签证时不可有“双重倾向”(即移民倾向)。也就是说，不允许申请人先申请短期居留，之后做出永久移民的行为。任何有这种双重倾向的签证申请都将直接遭到拒签。留学申请就是最好的例证。在申请留学签证时，不能够表示完成在加拿大几年的学习之后，将可能选择直接永久居留，移民加拿大。2001年加拿大移民及难民保护法进行了重大调整。这些调整改变了这种情况，由此引发的商业移民新趋势极大促进了加拿大各省商业移民项目的兴起，带来了现今魁北克省甄选计划和其他各省的省提名项目的繁荣。其中，纽宾士域省(New Brunswick)的省提名在各省项目中处于领先地位，已吸引数千个家庭落户纽省。在2001年移民法修正之前，子女十几岁时就离开父母，远渡重洋到国外留学。成为国际留学生之后，先完成学业，再找工作，然后申请个人移民，最后申请家属团聚，才能完成全家移民。而在2001年移民法修正之后，以家庭为单位申请移民就成为了商业移民的新趋势。通过省提名项目申请移民，承诺“对该省经济做出贡献”，即主申请人(父亲或母亲)主动投资成立新的公司，可独自成立企业，亦可与当地企业家合作开办企业。若该投资项目以及包括基本语言水平、总资产、管理经验在内的整个申请都通过了省政府的审理，就很大程度上意味着这个家庭将成功移民加拿大。省政府和联邦政府两个阶段的申请总周期，大约为24个月左右。移民成功之后，孩子的学费将按照加拿大本土居民的标准收取，而不再适用国际留学生的费用标准，这将省去大约40%的费用。以大学读5年来计算，本科学费就可以节省人民币40万元以上。省提名移民计划的优势在于经济实惠，更重要的是，它能使整个家庭一起移民，避免了亲人长期分离。在魁北克投资移民方面，随着今年2月2日魁北克投资移民局执行更灵活有效的移民政策之后，魁北克移民局驻香港署接收到的申请数量剧增，由于短期内申请案例的大量提升，今年上半年魁北克移民局的审理速度相对减缓，但随着下半年通过魁北克移民局免面试通过率的提高，相信明年的审理速度将大幅提升，缩短申请周期。
时尚	组图：夏日潮星时髦搭配比高“帽”导语：炎炎夏日， 有时真是热到没心思想怎么去搭配衣服，始终来说，夏天比冬天玩服装搭配要少费很多劲。但是如果你觉得夏天衣服很难搭配出彩的话，那就错了。其实，夏天也有很多搭配衣服的讲究哦。比如今天要向你展示的这些潮星们，就聪明地加顶高帽去增强视觉效果，有绅士帽、草帽、公仔帽等等，真是各有各心思，创意层出不穷啊！古巨基 颜色够突破！基仔近日在衣着上好明显有大突破，近期劲hit的桃红色恤衫加条泼墨吊脚卡其色裤子，再配上一对充满民族感觉的鞋子，最拿分的还是头上一顶绅士草帽，马上给人一种与众不同的感觉！林峰 色彩略嫌单调全身穿上Nike运动套装的林峰，配上一顶浅灰色的帽子，看上去衬得不错，但是略嫌色彩单调，换个颜色鲜艳点的帽子感觉就不同了！森美 整个日本仔了！红色百家布格仔衫，卡其摺脚裤、啡色皮鞋、简单啡色草帽，整个变成日本仔了，很明显他参考过很多日本时装书，休闲得来亦很型格！泳儿 衬得不错！一件简单白色print tee，加条近期流行的黑色吊脚裤，衬上红边黑色Nike 运动鞋，最后加顶鸭舌帽，衬得很好，整体感觉合格，不错！
时尚	组图：抓拍香港街头美女清凉装导读：购物天堂的香港街头，能被摄入镜头的穿着其实因该多为异地游客吧，或者是那些少奶奶级的全职太太和贵小姐，这群人穿的可是各有各的说法，甚至有点反季节的苗头，说道男人们，反而更关注脚头的显摆，到底都是怎么回事？我们一起来看吧！肤色和花裙子很称，这个look在于那根腰带和同色的鞋子，相对大花图案来说一色基本款的配饰总是最保险，宽腰带一般都是架在胯上的纯装饰，也有人系在A字裙腰部以上作装饰。说到这顶帽子去年在i.t也见过类似的款，夏天日下走长了会比较热。单件的大领口不加小可爱及其容易走光，除非你对你的“内衣外露”充满自信。方领和U领口叠加的形式不但安全，而且比较大方，而且这位mm用的都是大号的首饰来搭配，还不忘和鞋子、包包的颜色呼应。看上去不错但是危险系数也高的穿法，其一，裙底容易走光；其二，横条纹长筒袜容易显腿粗，mm虽有小小婴儿肥，但是甜甜的酒窝和可爱印花算是帮了大忙了，只是耳环可以变成金属的更好一点。霓虹色彩的字母衫其实是很洋气的单品，但一个不小心也很容易变成乡下妹，不过mm的健康肤色显得很搭调，或者是白皙的皮肤也合适。简单的牛仔短打或是工装裤、带蝴蝶结的泡泡裤..。可以根据你的style来搭配。
时尚	组图：抠门女星白菜价穿出精致时尚导读：有没有想过林赛-罗韩穿着38元的T恤，麦莉-赛勒斯的背心才12元，就连牛仔裤和连衣裙也不过一二百元。拿着天价片酬、身价过亿的好莱坞女星们，在穿衣置装方面其实非常节省。虽然折合成人民币不算太廉价，但她们嫌的可都是美金，就收入与花费而言，她们穿的衣服还真算得上是白菜价。
时尚	组图：日本美眉也玩酷黑色横扫街头导语：日本美眉对于繁复的设计，对粉嫩色彩、蕾丝、荷叶边的灵活应用早就深入人心。可是这个夏天，黑色的热潮还是席卷到了日本。你看平时穿惯了日式洛丽塔服饰的女生们，这次也选择了黑色。有的以黑色简约为主，有的则还是坚持繁复的设计，有的甚至玩起了酷劲辣妹。下面就让我们一起看下日本美眉们是如何巧用黑色的吧。简约风格还是很受干练爽快的女孩子的。这位美眉就是其中一位吧。一件简单的绿色T恤，配上黑色的窄身裙，显得非常清爽怡人。而足下配上一双豹纹的短凉靴，看起来非常的时尚。这身褶皱式的长款无袖衫，质地和褶皱都动感飘逸，显得很有灵性。腰间精致的腰带，显得优雅精细。再配以黑色的包包，黑色短靴，火红的头发，酷味十足的街头辣妹就在眼前。黑色连身裤，外面配金属感较强的金属圆珠、金色铆钉腰带，脚下一双黑色闪亮漆皮凉鞋，整体打扮带几分摇滚女?的意味。剪裁特特的连衣裤，上身有鹰的图案及BOY的字母图样，而下身的翻褶设计，显得个性十足。
时尚	组图：明星和造型团队 那些最有才华的幕后推手 导读：当我们欣赏一张张唯美的时尚大片时，都会惊叹摄影师的妙手，本来就很美的明星会有不一样的造型，带给人们不一样的视觉感受。如果不是从事这方面的工作，相信你也和我一样很好奇这些时尚大片都是怎样制造出来的，需要一个专业的造型团队，一个一流的摄影团队还有一个顶级的修片队伍。就怕照片拍出来太美！就让韩星带我们认识这些一流的团队吧！
时尚	组图：最IN紧身袜正确搭配18例导读：经常会在镜头前发现日本的女孩，一件长款上装搭配一天黑色紧身袜，把自己娇小的身材勾勒的紧至性感，想不到欧美的明星也会一股脑扎堆的穿紧身袜，是她们中间也挂起了“哈”日风潮，还是或许紧身袜就是她们本土的产物？事实上讨论这些或许并不重要，关键是她们是否能把紧身袜演绎的更加漂亮迷人。复古的金属光泽感面料的短摆夹克和路易威登的同色包包充满高贵感，而纯白的棉质tee以及及膝的黑色紧身袜却让整套衣服看起来随意自然。成功指数★★★★礼帽、露肩、低腰超短裙。以及个性十足的紧身袜，有的中性，有的性感，这些看起来并不一致的风格谐乱有序的搭配在一起，充满个性。成功指数★★★虽然通身的黑色，但是含金属的腰带以及别致的项链都让整组搭配看起来更加多元，而且紧身袜本身的光泽也为全身的层次感加分。成功指数★★★★★金色的装点非常靓丽，怀旧的牛仔裙裤不仅个性而且性感，黑色的裤袜延伸了腿部线条，中长的设计搭配亮色的鞋子看起来活力十足。成功指数★★★★
时尚	组图：直击美国街头女郎夏日装扮导读：时尚是没有国界的，不管是哪是哪一国的女性都拥有自己的时尚。小编今日特为大家带来了美国女人的街头时尚穿着，带你领略另一种全新的时尚风格。吊带裙和小开衫的搭配，一向是淑女钟爱的装扮，同色系体现MM的精致品味，简约的平底凉鞋，打造通身的知性感觉。夸张时尚的深蓝色吊带衫，风衣下摆式的设计，与丝袜和平底鞋连成一体，白色绣花上装和包包提升亮度，时尚之余不失优雅大方。简单的设计让东方魅力展现无遗，琐碎印花避免了色彩的单调感，丝绸质地的领口和双层下摆，增添了奢华感。细节决定全身的成败，皮毛小包和系带蓝色皮鞋展现不凡品味。
时尚	组图：逛街淘到明星衣服穿上身导读：千变万化的时尚潮流另人眼花缭乱，那些有着纤细窈窕的身材，独有的性感面貌的明星们，总是占据着人们的眼球，但是美女们想在大千世界中，瞬间锁住众人的目光，并不是很困难。让我们淘——装扮明星的衣服。这个时节，不可缺少的条纹上衣，又出现在了明星们的装扮中，尤其想使身材变得修长的MM。更加适合尝试黑白条纹的上衣。使你更自信。夏末初秋，保持一份余热和凉爽，那么嫩嫩的粉色，是否在你的假日里变的亲切，温和，或许，你该穿上可爱的粉条纹上衣，去见见你的他。这件简单的长款上衣，带来个性中的温和，不系腰带，或许更加随意而轻盈，搭配腰带，修身，暗自透露你妩媚与性感。帽衫或许是凉爽季节不可缺少的单品，漂亮的女孩子喜欢休，闲风格的上衣，那么建议你不要错过这样的单品，谁不喜欢自己很青春很有活力的样子呢？导读：千变万化的时尚潮流另人眼花缭乱，那些有着纤细窈窕的身材，独有的性感面貌的明星们，总是占据着人们的眼球，但是美女们想在大千世界中，瞬间锁住众人的目光，并不是很困难。让我们淘——装扮明星的衣服。这个时节，不可缺少的条纹上衣，又出现在了明星们的装扮中，尤其想使身材变得修长的MM。更加适合尝试黑白条纹的上衣。使你更自信。夏末初秋，保持一份余热和凉爽，那么嫩嫩的粉色，是否在你的假日里变的亲切，温和，或许，你该穿上可爱的粉条纹上衣，去见见你的他。这件简单的长款上衣，带来个性中的温和，不系腰带，或许更加随意而轻盈，搭配腰带，修身，暗自透露你妩媚与性感。帽衫或许是凉爽季节不可缺少的单品，漂亮的女孩子喜欢休，闲风格的上衣，那么建议你不要错过这样的单品，谁不喜欢自己很青春很有活力的样子呢？
时尚	组图：17款内衣外穿挑战性感极限导读：不要认为内衣总是里面或是闺房里，随着女性地位的提升，开始大胆展示个性与性感魅力的时候，内衣就可以别具匠心的穿在外面，大胆出位，彰显这个夏天最IN的时尚风暴。
时尚	组图：20款雪纺连衣裙再战炎夏导读：进入了7月份，太阳越来越毒，气温越来越高，谁都不希望还把自己捂在厚厚的牛仔裤下面，男孩可以穿短裤，爱漂亮的女孩子们呢？我们可以选择花花的连衣裙，让我们的夏天清凉又精彩。雪纺面料的薄透连衣裙，性感大胆的女孩子们可以选择，大面积的花色让你性感不低俗。保守一点的女孩子们，就可以选择传统款式的花色连衣裙，让你工作时也花样精彩。保守一点的女孩子们，就可以选择传统款式的花色连衣裙，让你工作时也花样精彩。大面积闪光面料的连衣裙不适合在夏季白天的户外穿着，但非常适合经常有夜生活的你，吊带款的连衣裙让热舞的你激情四射。大面积闪光面料的连衣裙不适合在夏季白天的户外穿着，但非常适合经常有夜生活的你，吊带款的连衣裙让热舞的你激情四射。
时政	领取失业保险金期限最长为二十四个月新华网北京12月22日电 (记者刘铮、张景勇) 全国人大常委会22日进行二审的社会保险法草案对失业保险作了专章规定，明确职工应当参加失业保险，由用人单位和职工共同缴纳失业保险费。草案规定，失业人员失业前所在用人单位和本人按照规定累计缴费时间满一年不足五年的，领取失业保险金的期限最长为十二个月；累计缴费时间满五年不足十年的，领取期限最长为十八个月；累计缴费时间十年以上的，领取期限最长为二十四个月。重新就业后，再次失业的，草案规定，缴费时间重新计算。领取失业保险金的期限与前次失业应当领取而尚未领取的失业保险金的期限合并计算，最长不得超过二十四个月。社会保险法草案规定基本养老保险随本人转移建设工程强制性标准应与抗震设防要求相衔接防震减灾法草案鼓励开展地震群测群防活动
时政	香港元朗鸡场爆发禽流感 将销毁九万只活鸡中新网12月22日电 据香港《大公报》报道，二○○三年香港元朗多个鸡场爆发禽流感后，相距六年再次侵袭本地鸡场，特区政府需销毁疫区鸡场和长沙湾批发市场共九万只活鸡，以及全面停售和禁止活鸡入口，“市民今年做冬没有活鸡可吃”。元朗一个鸡场爆发禽流感，有百多只死鸡，连“疫苗鸡”也中招，特区政府进行测试后，确认鸡只带有H5禽流感，实时下令将鸡场方圆三公里列作疫区，并销毁区内两个鸡场和长沙湾批发市场共约九万只活鸡，这是继二○○二年后最大规模的杀鸡行动，也是香港第九次杀鸡。同时，特区政府下令全面停售和入口活鸡三星期，市民首次度过“无活鸡食”的冬至。香港食物及卫生局局长周一岳表示，相信病毒并非源自鸡场内，而是由场外带入，估计与走私鸡有关的可能性不大。渔护署抽取样本化验后，发现其基因图谱有轻微转变，不算变种，而且与内地发现的品种不同。因此，相信病毒是来自本土或附近区域。不过，至今仍未找出病毒的来源，未排除走私鸡的可能性，政府需要作进一步调查。港大微生物学系系主任袁国勇说，此次“疫苗鸡”也受感染，情况不寻常，疫苗沿用近六年，可能逐渐失效，当局需尽快检讨疫苗的有效性。
时政	发改委：国家正预防千亿投资遭截留浪费中广网北京12月23日消息 (记者刘天思)根据国家发改委和财政部出台的《紧急落实新增一千亿元中央投资工作方案》要求，严禁将中央投资用于高污染、高能耗和资源性行业，严禁将投资用于低水准重复建设和产能过剩行业项目。国家发改委相关部门负责人今天表示。为防止中央新增投资被截留挪用、滞留浪费，国家有关部门已经做出充分准备。国家发改委投资司副司长欧泓接受记者采访时说，在安排新增1000亿元中央投资中，国家合理确定投资方向，主要用于保障性住房建设，农村民生工程，铁路公路等重大基础设施建设，医疗卫生、教育等社会事业和自主创新以及产业结构调整。欧泓说：“国家在安排新增1000亿投资项目中，主要安排用于三农建设、民生项目、基础设施项目和生态环境建设项目，没有安排扩大生产能力的竞争性项目，更没有"两高一资"的项目。这样从源头上就避免了重复建设，更没有低水平重复建设。”
时政	台湾警方连开24枪逮捕两名抢劫超市嫌犯中新网12月23日电 台湾新竹县警方今天凌晨在新竹市围捕四名超市强盗集团，遭歹徒开车冲撞，警方情急之下连开24枪，终于逮捕两名嫌犯。据台湾媒体报道，新竹地区最近超市抢案频传，甚至还有超市店员当场被抢匪以棍棒打的头破血流。新竹县警方凌晨前往新竹市某路段埋伏，发现潘某等四名嫌犯共乘一辆客车，并且准备再度犯案。警方一涌而上，但嫌犯却加速冲撞警方；情急之下，警方朝嫌犯所驾轿车连开24枪，车上四名嫌犯立即弃车逃逸。警方在追捕后，将嫌犯潘某和庄姓少年当场逮捕，另两名嫌犯则是摸黑逃逸。初步清查发现，这个横行在新竹县市的超市抢夺集团，共有五名成员，其中落网的庄姓少年还是亲兄弟，五人都是今年七月中旬和七月下旬，才刚从桃园少年辅育院结束辅导，主嫌潘某也曾经前往新竹县一所私立高中就读，但不久就辍学，加上又面临失业，于是和辅育院同学一起结伙犯案。五名嫌犯十二月在新竹县犯下三件强盗案，在新竹市也犯下两件强盗案。警方怀疑嫌犯可能还涉及其它超市抢案，正扩大侦办当中，同时积极追查另外三名嫌犯的下落。
时政	台湾高雄县今天清晨发生5.2级地震中新网12月23日电 据中国地震台网测定，北京时间23日上午08点04分在台湾省高雄县(北纬23.0，东经120.6) 发生5.2级地震。 
时政	外交部：中国向津巴布韦转运武器纯属无中生有中新社北京十二月二十三日电 中国外交部发言人秦刚二十三日指出，西方媒体有关中国向津巴布韦转运武器的报道，完全是无中生有、别有用心。据媒体近日报道，联合国安理会一份报告称，今年下半年，曾有一批中国造军火从刚果(金)运往津巴布韦，秦刚二十三日在回答记者提问时作以上表示。他指出，一些西方媒体歪曲联合国安理会专家小组报告中的有关消息，诬陷中方通过刚果(金)向津巴布韦运送武器。这完全是无中生有、别有用心。只要认真读一下报告，就会发现这种指责根本不成立。(完)
时政	外交部：坚决反对任何国家接收东突分子中广网北京12月23日消息 (记者焦莹)美国当选总统奥巴马表示，将在两年内关闭关塔那摩监狱。德国政府表示，准备接纳这些囚犯，其中包括17名中国“东突”分子。 外交部发言人秦刚在今天(23日)的例行记者会上表示，关押在关塔那摩监狱的17名“东突”分子是被联合国安理会列入制裁清单的恐怖组织“东伊运”的成员，中国曾多次敦促美方尽快将他们遣返回中国。中国坚决反对任何国家接收这17名人员。 
时政	大熊猫最快春节期间与台湾民众见面中新网12月23日电 赠台大熊猫“团团”、“圆圆”在傍晚抵达桃园机场，一路相随的台北市观光传播局长羊晓东表示运送过程一路平稳顺利，团圆在飞机过程都在睡大觉，也睡的很好，目前熊猫状况很好。 台湾方面为了迎接熊猫娇客，6位检疫员在机场待命，检疫员登机检疫，熊猫将接受包括外观、体温等检测，整个检疫过程估计半小时完成，同时为了慰劳它们一路奔波劳累，也已备好3箱75公斤竹子和熟食，准备让它们饱餐一顿。 之后，警车将一路开道和保护，园方备有专车，一路不停红灯畅行，送往木栅动物园，同时车速不得超过60公里，以免娇客受惊，预计7点抵达动物园。新家第一餐，将是台竹、川竹各半加上苹果，而接风宴将是100斤竹子和30颗窝窝头，同时也备有家乡味解馋，480斤竹子飞机随行。
时政	大熊猫检疫完成 乘车前往台北动物园中新网12月23日电 大陆赠台大熊猫“团团”、“圆圆”已于今天傍晚17时03分平安飞抵台北桃园机场。经过机场快速通关后，由警车开道前往台北市动物园。飞机抵达后，6位检疫员首先登机对外观、体温等进行检测。一路相随的台北市观光传播局长羊晓东表示，运送过程平稳顺利，“团团”、“圆圆”在飞机过程都在睡大觉，目前状况很好。整个检疫经半个多小时完成，随后“团团”、“圆圆”直接乘专车前往台北木栅动物园。警车一路开道保护，沿途全部绿灯，同时车速不超过60公里，以免受惊。预计晚上19时抵达动物园。
时政	最高法规定因贫困受雇运毒者可不处极刑晨报讯（记者 颜斐）利用、教唆未成年人走私、贩卖、运输、制造毒品，或具有向未成年人出售毒品等法定从重处罚情节的，应当判处死刑。而对那些因为贫困而受雇运输毒品的人，虽然在毒品数量上达到了死刑数量标准，却可以不判处死刑立即执行，体现了宽严相济的刑事政策。近日，最高人民法院印发《全国部分法院审理毒品犯罪案件工作座谈会纪要》，供各地法院在审理毒品犯罪案件工作中参照执行。《纪要》规定，部分毒品犯罪的涉案人员是受指使、雇用的贫民、边民或者无业人员，他们只是为了赚取少量运费而为他人运输毒品，在整个毒品犯罪环节中处于从属、辅助和被支配地位。在量刑标准的把握上，最高院表示，对有证据证明其确属受人指使、雇用参与运输毒品犯罪，又系初犯、偶犯的，即使毒品数量超过实际掌握的死刑数量标准，也可以不判处死刑立即执行。《纪要》还规定，对于国家管制的精神药品和麻醉药品，应由有关专业部门依法量刑，但一般不宜判处死刑立即执行。
游戏	绝对养眼！美少女养成系列游戏大盘点文/Saiken【新浪游戏专稿，转载请注明出处】导语：美少女游戏是一种可以与美丽动人的动画少女进行互动的日本电子游戏，一般也被称为GIRL GAME或者是GALGAME。特属于日本的文化现象；在美国或欧洲的电玩工业中，几乎没有这样的游戏类型存在。美少女游戏占据了相当大的日本市场，是日本个人电脑单机游戏的大宗。由于文化上和游戏习惯上的差异，很少有美少女游戏被翻译进入国内市场，甚至在东亚地区以外的大众市场上都一“游”难求。几乎所有的美少女游戏都是浪漫爱情的制造者，给国内玩家留下了很多美好的回忆。《心跳回忆》系列《心跳回忆》是日本科乐美(Konami)公司出品的一系列恋爱游戏的总称，是全球第一套全年龄取向(也就是不设定玩家的年龄限制)的恋爱养成游戏；在这一系列的恋爱游戏中，完全没有限制级的场景(色情场景)。内容主要是描述一位中学生在毕业前与诸位女同学交往的游戏。在日本也曾被改编拍摄成同名电影。《樱花大战》系列《樱花大战》是日本世嘉公司发行的系列游戏作品。1996年9月27日，樱花大战首次登场于SEGA Saturn电视游戏平台上，其最大的特点是完美融合了恋爱养成类游戏和策略类游戏要素，结合源于日本宝冢歌剧的文化因素，获得了极高的人气。其续作也陆续在SEGA Saturn，Dreamcast，PlayStation 2等电视游戏平台和个人电脑上推出。《爱相随》系列《爱相随》是KONAMI在NDS平台上推出的具有真实时间模拟的恋爱冒险游戏，根据玩家设置的NDS时间，玩家就会在任何的情况下打开主机随着时间的变化而在不同的场景下和心爱的女孩子一起生活、交流。《秋之回忆》系列《秋之回忆》是日本KID公司推出的一款恋爱冒险类游戏，其系列已经出了第6款，是受所有玩家青睐的系列游戏。每一部的剧情都很丰富，让人感动至深。由此可以看出该系列的经典程度。《美少女梦工厂》系列《美少女梦工厂》是由日本Gainax公司推出的一系列模拟养成游戏，目前已发售9部作品及1部动画。玩家在游戏中要扮演退役勇者，养育收养来的女孩至18岁，期间可透过学习、打工来改变少女的能力值，按发生的事件以及不同的能力值来决定少女的将来。《CLANNAD》系列《CLANNAD》是由日本游戏品牌Key所发行的第三款恋爱冒险游戏，因其剧情大部分发生于春季，CLANNAD亦被视为Key社季节组曲中的“春”。在游戏发行后，又有以此为原作的小说、漫画、广播剧、CD、剧场版动画、电视动画等作品相继产生。《恋爱物语》系列日本的游戏一向以画面细致精美见称，《恋爱物语》当然没有例外！它的不亚于3D游戏的高解像画面正是一个很大的卖点，漂亮的女孩就当然少不了啦！《恋爱物语》曾经被移植到各种机种上，在日本已经发展成跨媒体的大作，以精细的画面和优美的音乐著称。《青涩宝贝》系列《青涩宝贝》是日本MACUS公司制作，由 NEC Inter Channel发行的一款恋爱养成游戏，这款游戏是由家用游戏机移植而来，前身有SS版。《青涩宝贝》的游戏故事相当有意思，事情发生在高中最后一年的春假里，小时候男主角因为父亲工作的关系，不断在日本各地反复转学，结识了12位漂亮的女主角。于是，一段寻觅真爱的路程就此开始……《人偶情缘》系列作为一个恋爱养成类游戏，《人偶情缘》可谓别出心裁。游戏中，除了一般恋爱养成游戏的必备因素，如提高好感度、触发事件等内容外，最大的特点在于引入了机械组合的概念，使得游戏一改养成类游戏费时不费力的缺陷，玩起来妙趣横生。《绯雪千夜》系列《绯雪千夜》以3D人物穿梭百里城的方式贯穿全场，玩家在游戏里以类似冒险游戏的方式，带领女主角莉莉丝在百里城里接受各项委托任务、打工、城外打怪练功等，画面的呈现上比较丰富多样。而45度角色扮演与冒险游戏视角，这样的画面设计让玩家感受到角色扮演游戏气氛。 
游戏	《战争机器2》发布新DLC 支持新功能【新浪游戏专稿，转载请注明出处。】5月26日，《战争机器2》发布最新DLC“暗角(Dark Corners)”，本次下载内容最大特色是提供了更加“社会化的对战”方式。“暗角”新增的自由加入游戏这一新特性，能够让玩家随时加入或者退出正在进行中的多人游戏，而不会对游戏过程产生任何打断。除了加入新特性外，“暗角”还新增了一个独立的任务“毁灭之路(The Road to Ruin)，以及7张多人游戏地图，同时，游戏还加入了全新的隐形机制。Epic介绍说，“暗角”中新增的独立任务“毁灭之路”，是去年在开发《战争机器2》过程中，为了赶进度而删减的内容。这次重新在游戏中出现，更像是为《战争机器2》发行“导演剪辑版”。编译/熊猫
游戏	《波斯王子5》加入刺客信条主角皮肤不光是Capcom会玩这招，如今你在《波斯王子5》中也可以体验到其他游戏的角色客串作战。Ubisoft宣布，《波斯王子5：遗忘之沙》的玩家在连接到Uplay后，可免费获得《刺客信条2》中Ezio的皮肤。于此同时，在一小段时间内，玩家还可以通过输入密码获得Malik的皮肤。Uplay Win可以根据玩家在游戏中的发放奖励，并可以互相交换获得物品。Uplay Win Units可以跨平台收集，目前已经可以在PS3、Xbox 360和PC上进行体验了。《波斯王子5：遗忘沙漠》中，一些独特的游戏内容例如Ezio的皮肤等都是玩家使用Uplay Win进行游戏时系统发放的奖励。那些并不想马上消耗掉点数的人则可以保存点数用以其他游戏。
游戏	《鹰击长空2》细节及游戏截图公布育碧昨日宣布了有关《鹰击长空2》的某些细节：“玩家以百里挑一之身成为高度机密的H.A.W.X. 2空中打击力量成员，凭借调教得当的个人技术以及新锐科技和战机，天空将由你来主宰。”- 运用前所未有的鬼畜装备蹂躏你的对手从配备矢量推进系统的F35到高度机密的强化实景系统(Enhanced Reality System)不一而足，你是少数几位能接触并运用这些试验性先进装备主宰天空的精英。- 亲临明日战场眼见对手的座舱盖在你的炮火下变成齑粉；呼啸着掠过地面，身后传来激光制导炸弹的雷鸣。战争也许并不美好，但场面定会让人难以忘怀。- 飞赴全球热点地区展现你的大无畏气概从莫斯科到波斯湾，从北极圈到印度洋，来自GeoEye的商业级高分辨率卫星地图能确保游戏营造出令人震撼的逼真程度。游戏特色· 迎头缠斗· 在陆上机场和航母甲板起飞及降落· 夜间精确打击任务· 控制静谧无声的无人驾驶飞机追踪并摧毁对手· 在任务间隙进行空中加油与前作一样，该作仍由育碧布加勒斯特工作室负责开发，预计今年秋天与PC、PS3，及Xbox 360玩家见面。
游戏	德国杂志发表《辐射：新维加斯》前瞻5月26日，刚上市的德国游戏杂志《Gamestar》刊载了《辐射：新拉斯维加斯》的详尽前瞻文章，这篇前瞻中公布了数张游戏的新图，并且进一步曝光了游戏内容的细节。《Gamestar》上刊载的《辐射：新拉斯维加斯》前瞻报道长达8页，共放出了11张未曾公布的游戏截图，以及很多游戏内容的情报。以下是要点翻译。－21号避难所是修建在新拉斯维加斯地下的一座避难所－NCR由于和凯撒军团的战斗失败，西岸失去了联系，现在士气低落，装备匮乏。－凯撒军官团占领了新拉斯维加斯。－NCR为了争夺Hoover Dam，和钢铁兄弟会激烈战斗中。NCR勉强赢得了胜利。－NCR在McCarren机场的部队和Hoover Dam失去了联系。－主角的主要任务，本来是要送一个包裹到Primm，后来中途遭到了伏击，于是有了故事开头的那一幕……－小型武器和大型武器技能合并成了一个武器技能。－每种会引起爆炸的武器都被归类为爆炸类武器了。－前导弹工厂Repcon，现在被食尸鬼当作了居住地。最近，经常可以听到那里传出的爆炸声。－Craig Boon有可能成为同伴，但是如果他加入了凯撒军团，他会攻击玩家。－轨道激光炮“阿基米德2”每天只能使用一次。－新怪物：Cacadores登场，它们的样子看起来像肿头蛾，只是翅膀更光亮鲜艳。－类似摇头人偶的什么东西会出现在新拉斯维加斯中，而且会提升玩家的属性。目前还没有确切情报。编译/熊猫
游戏	《使命召唤8》或将转型为动作冒险游戏FPS经典系列《使命召唤》曾经由 Infinity Ward工作室和Treyarch工作室交替开发，自《使命召唤6》开发工作室Infinity Ward经历了大变之后，动视又为《使命召唤》成立了一个新工作室Sledgehammer，负责2011年上市的《使命召唤8》(暂且命名为《使命召唤 8》，因为由Treyarch开发的《使命召唤7》2010年底上市)动视(Activision)公司首席运营官托马斯蒂皮曾表示，由Sledgehammer负责的新一代《使命召唤》游戏将“扩大玩家层面。”在接受洛杉矶时报采访时，蒂皮说，：“新的工作室Sledgehammer将由前Viscera工作室负责人Glen Schofield和Michael Condrey来领导，他们将“为《使命召唤》系列游戏创新而采取一系列的行动”。他还重申，尽管动视在2个月前解雇了Infinity Ward前工作室老板Vince Zampella和Jason West，《使命召唤》专营权仍然是以Infinity Ward公司为中心。“今天，我们有三个工作室为《使命召唤》系列工作”蒂皮说 “我们有Infinity Ward，由它负责开发的作品有《使命召唤2》、《使命召唤4》和《使命召唤6》。然后我们还有Treyarch工作室，2010年上市的《使命召唤7》就是由他们操刀完成。 Treyarch曾经还开发了《使命召唤5》和《使命召唤3》。”“而最近，我们又新增了Sledgehammer工作室。我们还没有宣布他们所开发的游戏内容，但这是一个游戏创新的需要，可以进一步扩大《使命召唤》的玩家层面。”自从3月份 Sledgehammer宣布《使命召唤8》将由他们操刀，并且在2011年上市之后，Sledgehammer就没有再公布更多的信息了。相关官方报告暗示由Sledgehammer操刀的《使命召唤》可能不再选用第一人称射击游戏类型，而是将《使命召唤》转变为动作冒险游戏……不过话说回来，如果到时候“《使命召唤》转变为动作冒险游戏”被证实，估计游戏界都会抖三抖！要知道《使命召唤》系列所占据的FPS王者地位目前还没有谁可以撼动。
游戏	《战斗版国际象棋》今秋全平台发售《战斗版国际象棋》(Battle vs. Chess)是由 TopWare 及 Zuxxez 两家游戏公司一同打造，他们将传统的棋类游戏与一流的 3D 视觉效果结合起来，打造出这款华丽的专业棋类软体，而演算法则取自业界知名的 Fritz。《战斗版国际象棋》采用了 ChessBase 拥有的 Fritz 国际象棋运算软体，是目前最优秀的国际象棋引擎之一，不过详细的规则与玩法，目前官网并未释出资料。游戏预计将在今年秋季发售 PC、Mac、XBOX360、PS3、Wii、NDS 等版本，不过目前价格尚未公布。
游戏	抢看《轩辕剑：云之遥》人物主题T恤《轩辕剑外传云之遥》设计了一组人物主题T恤，共四款，即暮云、伯乔、兰茵、芝茵。将该T恤通过活动免费赠送。《云之遥》的故事背景比前作《汉之云》，在时间上有所提前。前者相当于后者的“前篇”，主要讲述了徐暮云在成长为白衣尊者前的经历。而在这个转变之前，暮云经历了什么样的剧变，才有了《汉之云》中冰冷到底的神情呢？徐暮云，从小生长在魏国，眼看着至交好友为国效力，也暗暗摩拳擦掌。但作为徐庶的养子，又不能不孝至违背父亲的意愿，因此只好在二者之间不断平衡。直到有一天，所有的矛盾激化到了一起，他不得不做出最后的抉择……不仅仅是徐暮云，《云之遥》中的每一位角色都面临着这样的“抉择”。每个人都要在相对立的两面做出判断，“情”的矛盾，“义”的纠结，如何剪断，如何理清，又如何做出不伤害任何人但也不弯曲自己意图的抉择，这些问题有待玩家到游戏中去寻找。如果你是徐暮云，你要如何抉择？
游戏	萌翻游戏世界 可爱萝莉华丽丽登场文/Saiken【新浪游戏专稿，转载请注明出处】引言：萝莉是洛丽塔的缩写，洛丽塔原指美国一部小说，后来在日本引申发展成一种次文化。萝莉一般是指九到十四岁的小女孩，就快要成熟，带着纯真无邪致命的吸引力，后来也指狡猾的、有着邪恶本质的性感少女。随着萝莉文化在年轻人群体间的盛行，游戏厂商也迅速的行动起来，萝莉开始在游戏中崭露头角，并成为了吸引玩家的亮点。今儿小编就带大家一起来看看游戏中的可爱萝莉，怪蜀黍请自动退散。小公主型《Fate stay night》中的依莉雅绝对是小公主型萝莉的代表人物，全名为依莉雅苏菲尔·冯·爱因兹贝伦，银发赤瞳，身着紫衣。与外表的冰冷不符，性格天真烂漫，很喜欢找人撒娇，让人会联想到冰雪妖精的迷一样的少女。家中小妹型《公主妹妹》中的可怜不论容姿还是性情都具备“女神”级的水准了。优雅的谈吐，以及贴心的语言，让这个年仅十来岁的小女孩总给人留下十分深刻的印象。对于喜欢的东西就说喜欢，坦白且毫无保留。女王型《蔷薇少女》中的真红拥有一双碧蓝色的杏眼，呈倒螺旋状的金色双马尾，身穿鲜红的维多利亚风格LOLI装抢眼造型。是与樱田纯第一个缔结契约的蔷薇少女，个性高傲自负，自尊心强，有着女王般的高贵气质，对其他人说话大多用命令的口气。在游戏中也有相当强势的表现。小恶魔型《雪之少女》中的泽渡真琴是个谜之失忆少女。天真、淘气、爱吃、爱睡、爱玩、爱看漫画，爱吃肉包。不知道自己是谁，不知道自己是从哪里来的，也不知道自己要去哪里，唯一残存在记忆中的就只剩下自己的名字，还有对佑一的那股无名的怨念。胆怯娇羞型《草莓棉花糖》中的樱木茉莉是相当软弱怕事的小女孩，经常被美羽欺负。养着一只叫约翰的雪貂宠物。有点迟钝、软弱、爱哭，却反而让人觉得更可爱。很得伸惠喜爱，穿着猫服装，说话尾词带着“喵”的害羞样子真是可爱到不行啊。小迷糊型《学园爱丽丝》中的佐仓蜜柑是一个非常有元气的少女，秉持着“绝不低头”、“永不认输”的精神。外表与母亲相似，而内在则是跟父亲几乎完全一模一样。单纯天真，在某些方面却也有出乎意料的成熟。类成熟型《寒蝉鸣泣之时》中的古手梨花是古手神社的独生女，传言是御神社大人的转世，担任每年六月绵流祭的巫女，现在和沙都子住在一起，是个不可思议的女孩子。性格活泼，平时小猫般的可爱举止很讨人喜欢，调和着周围的关系，言语较少，沉着而冷静。长不大型《CLANNAD》中的伊吹风子性情虽然十分孩子气，并且害怕生人，但却一直认为自己具备了“成人的风格”。她不想长大，因为相信长大了自己就不会被爱着了，即使有痛，她也会忍着，也会在自己爱的人面前强颜欢笑，她们不想自己爱的人为她们担心，真正难能可贵的就是她们金子般的心。 
游戏	视听盛宴!《古剑奇谭》全新宣传片由上海烛龙苦心研发两年多、GameBar代理运营的大型3D角色扮演游戏《古剑奇谭》，游戏运行动画今日于全国各大媒体同步公映。全长258秒的精彩动画凝结了上海烛龙近3年以来的所有心血，从开始的初见雏形到现在的恢宏壮观，希望可以给广大玩家带来不一样的视听感受！本次我们所公布的《古剑奇谭》第三期宣传动画，主要以主角群人物在游戏场景内的游历画面和战斗画面为主，玩家们在动画中不仅可以欣赏到各大场景与主角们的完美契合，更可以首次观看《古剑奇谭》动态战斗画面，以及传说中的神秘“召唤兽”，有兴趣的玩家们在看完以上视频后，不妨现在就来下载高清版本，更清晰、更震撼的画面正在等你！高清视频下载地址通过视频中的介绍大家可以了解到，本次《古剑奇谭》将采用两张DVD的超大容量，无论是音乐还是画面无不精益求精，必将为你带来非同一般的感受，为玩家从各方面打造一个完美的游戏世界。音乐美妙绝伦的背景音乐想必给玩家们留下了深刻的印象。由顶级音乐师骆集益、周志华量身定做的精美音乐，随着地域不同而风格各异，令《古剑奇谭》塑造的远古世界更具意境。玩家所经历的每一个的场景都有自己独特的背景音乐，并且都与场景搭配相得益彰。多元化的曲风，不同场景不同感情的融合，将带给玩家强烈的心灵震撼和爽快的听觉享受。画面《古剑奇谭》的美术团队将中国古代艺术与游戏世界观完美结合，描绘出古朴、唯美的游戏画面。而同时，《古剑奇谭》对游戏中自然生态的刻画同样栩栩如生，一花一草都完美地融入了游戏场景中，不仅追求画面细腻，更注重世界氛围的营造。战斗场景和怪物表现刻画更加细致；而后期取得的最强“召唤法术”更会运用震撼的动画来表现上古仙灵的磅礴气势。随着战斗的逐渐白热化，技能更会在场景中留下痕迹，连战场本身也会遭到破坏，真正打出一番崩天裂地的景象！在这里还要偷偷告诉大家，本次所发布的宣传动画中，战斗画面还不是最终效果哦！因制作周期问题，第三版宣传动画的画面还是4月份采集的，想看动态影子的朋友们可以继续期待其他版本宣动。而同时，烛龙的优化还在进行中，在此特提供5月份的战斗画面图两张，以供参考！战斗发生在有浅水的战斗场景中，要看影子的同学们请去前排，要看换装的同学们想办法绕到正面吧！XD换个角度看战斗场景，抗锯齿也是宣三录制的时候没有打开的选项哦，打开该功能后的画面如何？看完精彩的视频与图片，请大家继续关注《古剑奇谭》重装上阵的大型产业活动“汇集业内精英 畅谈运营新模式”，留下你对《古剑奇谭》美好祝愿，让我们一起踏歌长行！点击参与稍后我们还将为大家带来《古剑奇谭》辅助系统与换装系统，其中还有精美的换装图哦~敬请期待吧！更多介绍及游戏资讯，请点击古剑奇谭官方网站上海烛龙官方论坛上海烛龙官方网站GameBar官方网站
科技	方舟子支持者悬赏20万寻被袭事件线索■ “麻醉剂铁锤齐袭方舟子疑遭报复”追踪本报讯 (记者 安颖) 昨晚6时50分，方舟子在微博和博客中发布消息称，悬赏20万元征寻遇袭线索。方舟子的律师彭剑表示，该款项由方舟子的支持者提供。8月29日，23时，在石景山七星园附近，方舟子被打。“目击证人或知道案件背景信息的知情人士，能够提供破案线索、指认凶手或凶手雇主，因其协助警方工作导致案件侦破的，将获得人民币二十万元的赏金。如果有多名破案有功人士，将分享赏金。”昨日晚6时50分，方舟子的博客及微博均公布了上述消息，文章中简单写明方舟子遇袭案的相关情况及赏金分配等问题，还公布了悬赏方联系电话、电子邮箱等信息，悬赏人为“彭先生”，文章落款为北京华欢律师事务所。此前，方舟子在接受媒体采访时曾表示，已将“科技打假基金”的募集及雇佣“保镖”等相关工作委托给其律师彭剑，而彭剑也表示，正在考虑使用“科技打假基金”中的款项悬赏案件的知情人。对于20万元赏金出自何处的问题，昨日，彭剑表示，这笔悬赏金并非出自方舟子本人，而是来自他的众多支持者。相关专题：方舟子遭歹徒袭击受伤
科技	世界各地兴起树屋旅馆 让游客体验童趣(图)这是2005年在萨克森州开张的第一家德国树屋旅馆，木质房间之间都有狭窄的人行通道相连。在10米高的大树上睡觉，是很多人童年时期的梦想。德国《明镜周刊》网站日前为树屋迷们盘点了一些令人惊异的树屋旅馆，让游客体验童年的趣味。(杨柳)老老少少的客人可以共享屋外的厕所和冷水浴，这里的客房总是人满为患。许多树屋旅馆的设计都十分古怪。比如这家加拿大温哥华岛上的“自由精神球”旅馆，据说灵感来自于歌曲《心之秘境》。旅馆老板希望能够将现在的3个房间扩大到40个客房，并且让它们互相连接。阳台上有摇椅，可以看到海景。这里的特别设计足以吸引一些飞行爱好者。
科技	杨振宁预言我国10年内出诺贝尔奖得主如果您没有见过杨振宁教授、没有听过他演讲，请不要再一味将88岁的老人定义为大众意识上的“体衰”、“思维迟钝”。昨日，这位物理学家、首位华裔诺贝尔奖获得者在电子科技大学演讲2个多小时呈现的状态，让大家震惊了：居然没有喝过一口水，没有长时间停顿过讲话，重复和口误仅仅一两处，不过立刻就修正了。在这场以“我的学习与研究经历”为主题的演讲中，大学生们听得聚精会神，学校也使用电视直播，让三个校区的数万学生接受教授的学术洗礼。杨振宁：“当直觉与书本知识冲突，是最好的学习机会，抓住它，你就可能走入新的境界。”相信直觉 也许会有所收获7岁到15岁，杨振宁成长在清华园。初中时，他在学校的小图书馆里找到一本《神秘的宇宙》，一个钟头很快读完他认为简单的文字，对其中二十世纪初年的三大物理改革非常感兴趣，从此开始留意这方面的信息。这次阅读，就好像一把钥匙，打开了他研究物理的视野门窗。1937年，战争让家人和杨振宁颠沛流离。杨振宁在高二就准备考试读大学，于是借了一本物理书籍在家里闭关学习。他一直不明白为何圆在旋转之时，加速度等于速度的平方除以半径，整整想了两天，最终搞懂了向量的重要性。“为何书中写着圆旋转力量会向着圆心？我的直觉说那是不对的！于是我反复思考，最终在直觉和书本的冲突中收获了学习的方法。”在演讲过程中，杨振宁每讲一个小段落就特意总结一下经验教训，不难推断他喜爱思考的好习惯从少年时代就已形成了。他说，其实4岁的小孩已经能根据汽车的速度判断出还有多久到自己的跟前，如果家长抓住孩子的直觉培养，也许能收获意想不到的成绩。杨振宁：“‘知之为知之，不知为不知，是知也’这句古训不够，还要学会渗透性地学习。”勇于表达 即使是错误观点杨振宁在西南联大时，与黄昆(半导体物理学家)和张守廉同住一室，他们除了常侃电影明星、政治事件、历史观点，更多的则是无休止地辩论物理问题。学校没有开水，他们就到茶馆叫上一杯茶，讨论一下午物理。因此，学校给他们起名“三剑客”。有一次对“群论”各自都有观点，一直争论到晚上回到寝室。躺在床上久久不能入睡，最后三人不约而同起床点起了蜡烛，从学者的典籍中斧正辨别各方的正误。“中国的学生喜欢在书中寻找答案，注重从理论推演现实，我出国后知道了，外国人喜欢先从现实去总结理论。”杨振宁先生出国后于1949年回国，他到复旦大学、深圳大学查看，发现书中全是关于“四大力学”的理论，学生的研究积极性被局限于其中。这些和以前的自己相似的中国大学生，他们专研于书籍，好思考别人的结论，却忽略了一些新现象的发现。在国外时，杨振宁建议中国学生去听学校的大讨论，学生不去，理由是听不懂。杨振宁说：“外国人即使不太有把握的观点都会说出来，而中国人只有自己有把握的才会表述或者去钻研，其实‘知之为知之，不知为不知，是知也’这句古训不够，还要学会渗透性地学习，敢于表达和创新。”在芝加哥大学留学3年，杨振宁每天都浸淫在学校邀请的各种大师的校园讨论中，最后的同学中就有4位获得了诺贝尔奖。他认为在大讨论中表达和吸取观点是非常重要的。杨振宁：“年轻人不要害怕，如果你做学习研究遇到苦闷的话，是不是可以思考在总方针上做出修正。”确定目标 就不要轻言放弃乐观估计 中国10年拿诺奖很长时间，杨振宁在普林斯顿高等研究所做研究。那个研究所被誉为“象牙之塔”，里面只接受教授和博士生，研究顶尖的问题。他就是在那里获得了诺贝尔奖。爱因斯坦也在研究所。“我们年轻的教授大多对他的研究不太感兴趣，但是我们尊重他。他不会骑自行车，也不坐车，每天定时走路到研究所。”杨振宁说，有一次儿子想与爱因斯坦拍照，他便对准爱因斯坦到研究所的时间，带着儿子在路上制造相遇的机会。果不其然，爱因斯坦同意了与儿子拍照。而就在第二年，爱因斯坦就去世了。说起诺贝尔奖，杨振宁认为“20年内中国人将拿到这个奖项”的说法，并不乐观。“我认为10年就可以实现。”他对大学生们说，历史证明中国完全有这个实力，就好像世界上没有哪个国家可以在几十年内把95%的文盲比例改写到只有5%一样，这已是一种巨大的历史贡献。华西都市报记者 肖笛 摄影 陈羽啸1945年，杨振宁作为清华大学最后一届留美公费生到了芝加哥大学攻读博士。他一直认为自己在实验物理上有所欠缺，于是订立了自己的论文目标，希望在完成论文的过程中弥补知识缺陷。不巧，他并没有选择到该领域的大师作为导师，最终跟随了后来也是名噪一时的泰勒。为了完成最后的论文，杨振宁研究各种观点，有四五个观点却都是钻研不到两个月无果便放弃了，最终订立的论文目标实验物理更是无法落笔。他询问泰勒，泰勒劝说他换用一篇他的研究成果，因那篇文章加长后足以达到毕业要求。杨振宁思索了很久，是不是应该更改目标呢？在深思熟虑后选择放弃让他如释重负，而他那篇小论文在经过丰富后，讲述了享誉全球的“临界指数”，后来在这方面的延伸研究则获得了诺贝尔奖。杨振宁归纳了几十年的研究，认为一个观点行不通、又可以研究其余观点，说“年轻人不要害怕，如果你做学习研究遇到苦闷的话，是不是可以思考在总方针上做出修正。”杨振宁：“20年内中国人将拿到诺贝尔奖，并不乐观，我认为10年就可以实现。”
科技	江西发现重达千斤窖藏古币 大部分遭哄抢中新社南昌9月10日电(何柳斌) 江西德兴市一农民在建房挖墙脚时，挖出近千斤重的古币，消息传开，引来许多村民哄抢。9月10日，江西省博物馆研究员刘诗中向中新社记者透露，如果出土古币数量确定，那将是江西近20年来发现的最大规模的窖藏古币。10日上午，参与现场挖掘工作的德兴市博物馆副馆长吴雨林向中新社记者证实，根据村民描述和窖藏容积推算，出土的古币大概有1000斤重，但目前官方仅追回116斤，还有800多斤钱币散落民间。据了解，事发于德兴市花桥镇昭林村，9月7日下午，村民邱林发在建房挖墙脚时，发现一窖藏，里面有大量古币。附近村民闻讯后，纷纷前去哄抢。吴雨林引述村民的说法，当时出土的钱币有六七箩筐，许多村民拿着古币就往家跑。当日下午6时左右，当地警方闻讯后予以制止，德兴市文物部门也紧急赶赴现场。吴雨林介绍，窖藏并不像古代富贵人家精心准备的，而是深挖一个土坑，在旁边堆撒一些木炭，好多古币都结成了铜饼。据此推测，窖藏的主人可能是为躲避战争或其他原因，来不及转移才将古币埋藏在地下。德兴市博物馆工作人员现场仅挖掘出百余枚古币，通过耐心劝说，部分村民将古币上交，但仍有大部分古币散落民间。吴雨林告诉中新社记者，将古币洗净后，可看见“正元隆宝”、“元丰通宝”和“嘉定通宝”等年号字样。通过分析，出土的铜钱主要是北宋和南宋期间，跨度300多年，至今已有近千年的历史。在宋代，德兴已是铜的主要产地，目前还不能确定这些古币是本地所产还是从外流入的。刘诗中研究员表示，南宋末年，也有王室成员往上饶地区逃亡的，但这个窖藏的具体情况还有待进一步的考究。根据文物保护法，出土的文物属于国家所有，任何单位或个人不得哄抢、私分、藏匿。盗窃、哄抢、私分或者非法侵占国有文物，构成犯罪的，将依法追究其刑事责任。目前，德兴市警方已下发通知，责令村民把私自带回家的古币及时交还文物部门或警方。(完)
科技	法国钓客捕到逾13公斤重金鱼(图)法国钓客捕到逾13公斤金鱼新浪科技讯 北京时间9月11日消息，据国外媒体报道，法国钓鱼者拉斐尔·比亚吉尼钓到一条重达30磅(13.61公斤)的金鱼，这可能是有史以来捕到的最大的一条金鱼，然而问题是，世界上并没有这么大的鱼缸可以放下它。这条30磅(13.61公斤)重的橙色锦鲤跟一个3岁小女孩的体重差不多，比亚吉尼用了10分钟，才把这个庞然大物从法国南部的一个湖里拖上来。稍后他听其他钓鱼的人说，他们为了捕捉传说中的“巨型金鱼”，已经在这里垂钓长达6年。30岁的比亚吉尼说：“最初我们并不清楚鱼钩上钓到了什么，但是我们知道那一定是个大家伙。这条金鱼是个很好的斗士，它挣扎了很长时间，但最终我们还是把它拖了上来。”等拍过照后，家住蒙彼利埃的比亚吉尼又把这个战利品重新放回湖里。(秋凌)
科技	世界十大超音速试车纪录超音速推动号首破音障新浪科技讯 北京时间9月12日消息，据国外媒体报道，随着经济发展，汽车开始逐渐进入寻常百姓家。与此同时，随着汽车技术的不断发展和人们对速度的永不满足，汽车这一陆上出行工具现在甚至已经可以冲破音障，实现超音速行驶。1.超音速推动号1997年，驾驶员安迪·格林(Andy Green)驾驶“超音速推动号”(SSC)汽车行驶在美国黑石沙漠。其最高速度达到每小时763英里(约合1228公里)，格林也因此成为这个星球上跑的最快的人，并且也是第一个在地面上突破音障的人。这一次他准备再次发起挑战，计划驾驶“超音速推动号”冲击1000英里(约合1609公里)每小时的目标。2.蓝鸟汽车飞驰澳大利亚盐湖平原1964年，唐纳德·坎贝尔(Donald Campbell)驾驶他的蓝鸟汽车飞驰在澳大利亚南部里尔湖的盐湖平原，速度达到了每小时403.1英里(约合648.7公里)。同一年，坎贝尔再次创造水面速度记录??以每小时276.33英里(约合444.7公里)的速度穿过了澳大利亚西部的但博洋湖。3.新型“侦探犬”超音速车对新型“侦探犬”超音速车的测试预计将安排在2011年底或2012年初进行。人们希望这辆重6吨，经过特殊空气动力学设计，加装了猎鹰混合动力火箭并采用了欧洲台风战斗机的引擎的超级汽车可以创造每小时1000英里(约合1609公里)的新记录。驾驶员将仍然是传奇的安迪·格林。在范保罗航空展上展出了这辆超级车的全尺寸模型。4.“推进-2”号车美国黑石沙漠测试理查德·诺伯(Richard Noble)驾驶他的“推进-2”号车在美国内华达州黑石沙漠进行测试，以便竞争1982年的最快世界速度记录。之后它又保持了1983年的世界陆上速度记录。其两次行驶的平均速度为每小时633.468英里(约合1019公里)，最高时速每小时650.88英里(约合1047.5公里)。5.电脑关机意外导致偏离路线安迪·格林试图于1997年创造记录的努力并非一帆风顺。这幅图片显示的是由于电脑关机意外导致偏离路线，消防队出动展开现场营救。当时英国“超音速推动号”小组正在此与“美国之美国精神”小组角逐陆上最快速度记录。格林当时的速度仪表显示速度值为每小时553.9英里(约合891.4公里)，但不久他就创造了每小时763英里(约合1229公里)的记录。
科技	太阳系八大独特极端之地：最臭天体木卫一(图)新浪科技讯 北京时间9月12日消息，据《科学美国人》杂志报道，哈佛大学出版社出版的一本新书为人们讲述了太阳系内一系列最独特最极端的所在，其中一些所在所呈现的现象绝对超乎我们所有人想象。宇宙虽然浩瀚无边，但在地球附近的太空区域，令人惊异的地方却也比比皆是。从金星足以熔化铅的惊人表面温度到已经持续了数百年的木星风暴大红斑，再到土卫二“恩克拉多斯”的冰火山，太阳系内存在着大量极端之地。这部新著便是登载了大量照片插图的太阳系行星指南《太阳系内50大最极端之地》，除了将目光聚焦行星外，这部新著同样锁定行星的卫星以及星环。《太阳系内50大最极端之地》作者、奥斯汀学院的大卫·贝克和美国宇航局喷气推进实验室的托德·拉特克利夫承认，书名中的“之地”含义比较宽泛。50个极端之地中包括一些特殊的天文事件，例如导致恐龙在地球上灭绝的小行星撞击，以及一些长期现象，例如板块构造学现象。以下是《太阳系内50大最极端之地》种最剧烈、最怪异和最独特的八大代表，其中包括海王星的一个逆转卫星以及地球附近发生的一种令人惊心动魄的天文学现象。1.“叛逆”的海卫一在地球北半球的观察者眼里，太阳系内的所有行星绕轨运行方向都与太阳旋转方向相同，即逆时针旋转。同样地，太阳系内几乎所有大型卫星绕行星运行方向也与这颗行星保持一致，唯一一个例外便是海卫一“特里同”。海卫一是巨行星海王星体积最大的卫星，绕一条逆行轨道运行，即与所绕海王星的旋转方向相反。一些研究人员认为海卫一可能并不是与海王星一起形成，而是被海王星的地心引力捕获的一个双矮行星系统的残余。图片呈现的是海王星与海卫一，由“旅行者2”号探测器1989年穿过海王星系统时拍摄。2.火星尘暴在《太阳系内50大最极端之地》中，贝克和拉特克利夫将火星尘暴称之为“太阳系内最极端的真空吸尘器”。他们指出，借助于火星的低气压和表面引力、尘暴陆地尘暴上方的多尘漩涡以及龙卷风，火星尘暴可以达到相当于珠穆朗玛峰的高度，风速超过每小时300公里。3.水星水星是距离太阳最近的行星，地表被逆冲悬崖覆盖。逆冲悬崖是一种阶梯式地貌，由火星收缩所致。在这幅照片的中部，一个弯曲的悬崖清晰可见。逆冲悬崖分布在水星表面各处，说明整颗星球都在收缩。从诞生到现在，火星直径因核心冷却可能已经萎缩了6公里。这一过程可能仍在持续中。最近的观测结果显示，地球的卫星月球可能在不久前也以类似的机制发生萎缩，只不过程度上更小。4.土卫七“许珀里翁”土卫七“许珀里翁”是土星众多卫星中的一个。它形状怪异，脸上长满“痘痕”并且密度极低，大约只有水的一半左右，所拥有的多孔结构一定超乎我们想象。形象地说，土卫七就是一个400公里长的超级海绵。太阳系内的绝大多数大型天体都有较为固定的旋转周期，例如地球的24小时，与这些天体有所不同的是，土卫七的旋转较为混乱无序。如果生活在这颗外形犹如一个足球并且不停翻着跟头的卫星，敲定每周的日程安排绝对是一项不小挑战，因为每一天的长度都在变化，非常不稳定。
科技	英国科学家制造出“干”水据国外媒体报道，“干水”这个名词似乎很新鲜，而且听起来有些自相矛盾。不过，英国利物浦大学科学家近日确实已研制出神奇的“干水”。许多人可能感觉不可思议，人们知道液态水、固态水和气态水等，那么“干水”又是什么性质的水呢？这种物质有些像糖粉，它能够让化学物质的利用方式产生革命性变化。“干水”的每一个粒子都包含一个水滴，这个水滴周围包裹着一层沙质硅膜。所以说，所谓的“干水”，其95%的成分其实仍然是“湿水”。科学家相信，“干水”可以用来吸收和捕捉温室气体二氧化碳，从而可以部分解决全球变暖问题。实验显示，在吸收二氧化碳方面，“干水”的效率要比普通水高出三倍。实验还证明，“干水”可以用来存储甲烷，并能够充分利用天然气潜在的能量，是一种大有前途的化学物质。(易容)
科技	英国著名鬼屋月底拍卖 底价37.5万英镑英国闹鬼闹得最凶的鬼屋：著名的威默林庄园想找便宜房子翻修后再出手的买家，一定很乐意听到这个消息———英国闹鬼闹得最凶的鬼屋：著名的威默林庄园，将于本月底进行拍卖，底价是37.5万英镑(380万元人民币)。威默林庄园是一座令人毛骨悚然的二级保护建筑。它需要进行主结构和一般的修复。威默林庄园号称是朴次茅斯最古老的房子，它在17世纪曾经是修道院。更早时期，连1086年的《末日书》都提到过它。 据了解，这座凶猛的鬼屋在“捉鬼猎人”的心目中大大有名。因为它发生过超多、超离谱的超自然现象。例如温度会突然下降、有小孩子的饮泣声、出现奇怪的幻影等。电视节目《鬼屋》也报道过它。一些业余的纪录片电影人也喜欢凑趣，跑来这里拍片，然后传到网上。据环球时报
科技	显微镜下的秘密世界：人类卵子精子显微照(图)新浪科技讯 北京时间9月13日消息，据英国《卫报》报道，斯匹克·沃克尔9月9日晚因其“对摄影术做出的突出贡献和他把摄影应用到医学上”，而获得英国皇家摄影学会的联合皇家学院奖章(combined Royal Colleges medal)。沃克尔是一名退休教师，他把自己的车库改建成实验室，在里面拍出大量令人难以置信的显微图片。1.人类卵子和精子显微图卵子比精子大很多，它周围围绕着保护积云细胞(浅黄色)。卵子周围的薄膜是卵膜。2.感觉神经末梢这张显微图显示的是毛囊末端的感觉神经末梢。神经轴突被染成黑色。3.正在生育后代的水蚤这张是正在生育后代的水蚤显微图，它的一个小宝宝已经被排入水中。水蚤是单性生殖的一个鲜活实例。4.团藻群这是绿藻类——团藻群的显微图，淡水里这种植物很常见。大部分团藻都有一对附器——波动足，这使这个群体可以在水里翻滚旋转。绿色斑点是母群里形成的子群。5.硅质放射虫贝壳这张是硅质放射虫贝壳的显微图。放射虫是生活在海洋环境下的单细胞原生生物。通过像玻璃一样的外骨骼，可以区分它们。
财经	佳士得新闻官称中国记者没有报道权利报驻法国记者 林卫光当地时间2月25日20时左右，圆明园流失文物鼠首和兔首在巴黎大王宫被佳士得拍卖行和皮埃尔·贝杰公司联合拍卖。拍卖场内外剑拔弩张的气氛，让场内记者充分感受到拍卖者惶恐紧张、坐立不安的心情。部分中国记者受到“特殊照顾”由于未能从佳士得公司申请到这场拍卖的采访证，记者在当天下午提前赶到大王宫，试图以普通观众的身份观看拍卖现场。记者在大王宫门前与3名法新社记者交谈时，保安人员知道了记者的真实身份。于是，当记者到达普通观众入口后，便有专门的安保人员将记者“护送”到场内。这名安保人员在没有说明任何原因的情况下，要求记者将背包寄存在接待处。当记者问，为什么其他普通观众可以背包入场，也可以自由拍照时，安保人员推辞说，可能有个别观众逃脱了他们的视线。当记者试图与接待处交涉时，《人民日报》驻法国记者也被专人带到了接待处，并受到了同样待遇。记者随后遇到的两名来自法国西南部的中国女留学生介绍说，当天的安保级别明显高于前几天。她们两人曾在24日进入拍卖场，当时入口处对行李的检查远不及25日那样严格。她们对于记者背包被强制寄存表示惊讶：她们不仅携带背包入场，而且包里还有相机。佳士得新闻官：你没有报道的权利为了能够拿回相机，记者经过多方打听，找到了场内的佳士得新闻官。当记者向其询问是否可以申请一个采访证时，这位高度紧张的女新闻官丧失了冷静，她直接对记者说：“你没有报道的权利。”当记者问她：“我没有采访证，可以理解你们禁止我拍照，但是为什么我没有报道的权利呢？”这位新闻官难以应答，只是问记者为什么要“攻击”她。随后，记者在以观众身份与场内的一名安保负责人闲聊时获悉，24日网上出现的一条来源不明的针对皮埃尔·贝杰的威胁信息，让拍卖方备感紧张。他们担心场内出现恐怖袭击或人身袭击事件，也担心在拍卖过程中出现“打标语、喊口号”的抗议事件。为此，拍卖方决定加强25日的警戒级别，除了当天一早便将在大王宫内展出的圆明园兽首取走并加以保护之外，还加强了对入口处观众携带物品的检查。不过，对于记者背包被强行寄存一事，这名安保负责人表示“莫名其妙”，因为他没有收到相关的明确指示。兽首拍卖前特意清空观众座席拍卖场内安保人员惶恐紧张的同时，大王宫门前的警察也是严阵以待。当天晚上，一批爱国留学生在大王宫门前散发介绍圆明园耻辱史和即将被拍卖兽首来历的小册子，巴黎警察局特意派出大量警力“维持秩序”。据在场留学生介绍，当晚场外的警车至少包括4辆中型面包车和1辆大型巴士。由于此次爱国活动事先得到批准，所以现场的警察对于中国留学生较为礼貌，但是，他们对于采访中国留学生的各国记者却是逐一盘查身份。当地时间19时30分左右，亚洲艺术品拍卖即将开始前，场内安保人员宣布了一项不寻常的措施，即所有坐在拍卖场最后四排观众座席上的人员，一律要离开座位，站到拍卖场的最后方。这样，在观众和竞拍者之间，实际上空出了一条4排座位的“缓冲带”。在这条“缓冲带”内，两面分别由安保人员和礼仪人员形成的“人墙”将观众和竞拍者彻底隔离。一位站到记者身边的70多岁的法国老人非常不满，他说，在当天下午的拍卖过程中，他始终坐在观众座席，安保人员在圆明园兽首拍卖前清空座席的决定“非常荒唐”。“这是一场拍卖，怎么成了一场像在打反恐战的闹剧？”他不无气愤地对记者说。法国女青年：拍卖成交价格“可耻”20时左右，圆明园鼠首作为第677号拍卖品出现在场内的大屏幕上。拍卖员宣布：起价900万欧元。场内一些观众随之发出尖叫，他们为这一价格所震惊。随后的拍卖过程非常简短。现场的竞拍者无人出价，所有竞拍报价都是通过电话进行，竞拍的报价以100万欧元为单位递增。约3分钟后，鼠首被以1400万欧元的天价拍走。随后，兔首作为第678号拍卖品开始亮相，起价同为900万欧元。短短几分钟后，它也以1400万欧元的价格被人买走。由于拍走鼠首和兔首的电话报价员为同一人，普遍猜测，两件文物被同一买家收入囊中。代表民族耻辱史的国宝在不到10分钟的时间内被人拍走，观众席内的十几名特意赶来观看拍卖的中国人流露出伤心的表情。当了解到鼠首兔首仅仅是19世纪中期的铜质文物时，观众席上的一名法国女青年对记者说，这完全是“恶意炒作”的结果。她认为，这一成交价格“可耻”，这完全是一大“丑闻”。当记者问她的名字时，她表示自己微不足道，她只是有两点不明白：为什么两件来自中国的文物可以被以这种耸人听闻的价格任意拍卖？为什么法国的历史教科书里没有“火烧圆明园”的有关内容？刘洋：竞拍者冒天下之大不韪当天，“追索圆明园流失文物律师团”的代表刘洋律师出现在大王宫的拍卖现场。在两件兽首被拍卖后，刘洋马上离开观众席。场内三分之二的记者尾随他出来，和那些被安保人员阻挡在门外的记者一起采访刘洋。对于当天的拍卖，刘洋做出三点表态：首先，他不指名地批评佳士得公司借拍卖中国国宝进行炒作，“不花钱”地提高自己的国际知名度；其次，他表示，拍卖者两天之后才正式交付拍卖金，如果反悔，他只需放弃保证金，因此，拍卖是否完成，目前定论还为时尚早；第三，他指责竞拍者在明知兽首来源的情况下“冒天下之大不韪”，并表示，将通过法律手段对竞拍者进行追究。当有法国记者要求他对成交价格进行评价时，刘洋表示，这两件兽首的制作工艺难度远远低于同一时期的其他拍卖品，拍卖以如此之高的价格成交，完全是因为中国人已经回购了5件兽首，这纯属“商业炒作”。刘洋与新闻界的接触显然令佳士得公司非常紧张和难堪。除了10余名保安围在记者周围之外，那位称本报记者“没有报道的权利”的女新闻官也站在保安的背后，密切关注刘洋的表态。本报巴黎2月26日电    相关报道：    唐尼陈：团购欧洲与兽首拍卖同时不同路    海神大师：园明园兽首摆放暗含周易原理    圆明园兽首天价卖出 成龙痛心：应归还中国(图)    神秘买家5分钟内出价2800万欧元拍走两兽首    佳士得专家买兽首疑是误解    传买家正积极促成兽首回流    圆明园两兽首买家疑为华人
财经	蔡铭超披露竞拍兽首内幕 称不至于影响华人形象中新网3月13日电  因天价竞拍圆明园鼠兔首而备受瞩目的蔡铭超，日前接受凤凰网专访，披露了“不能付款”的原因和竞拍内幕。对于那些质疑他影响华人形象的声音，蔡铭超表示，这个未免有点夸大，不至于因为自己一个人而影响到华人的诚信形象。在宣布自己是鼠兔首最后竞拍人后，蔡铭超一度“销声匿迹”。此番再次“回到”公众视野当中，他不仅披露了自己竞拍兽首时的情形，还就一些针对自己的质疑声作出了回应。谈竞拍原因：兽首本来就不应该拍卖谈到自己参与竞拍的原因，蔡铭超表示，兽首本来就不应该拍卖，这本来是它象征了一段历史，是中国的一段历史在里面，它不仅仅是一个简单的艺术品。自己的这个举动，其实是有多方面的原因的。自己只不过是做这么个举动，是让拍卖方先停一停，看看是不是有不妥的地方。这样子如果都可以拍，那以后就乱套了。当被问及希望这件事如何解决时，蔡铭超表示，这不是自己个人希望就能解决的，因此也不想再去在这方面多说希望该怎么办了。蔡铭超还说，在一个月的付款期满后，自己也没有什么具体的想法和规划。影响华人影响？“这个未免有点大了”蔡铭超拒绝付款后，各界对他的行为褒贬不一。有专家表示，此举将影响整个华人在国外的诚信形象。对此，蔡铭超在接受媒体专访时表示，“这个未免有点大了”，不至于因为自己一个人影响到华人群体。在蔡铭超看来，质疑自己“不付款”的人多也是个好事。因为这说明现在人们越来越重视诚信的重要性了。不过蔡铭超也表示，不提倡在今后用这种技术性流拍的方式，去阻止拍卖流失文物。做生意肯定受影响 和别人产生距离感“拒付”事件发生后，曾有多位专家表示，蔡铭超会被佳士得列入“黑名单”，其他外国拍卖行也有可能采取类似举动。蔡铭超在接受采访时表示，自己将来做拍卖生意，肯定会受到影响。最起码人从观感上就不一样了，自己也会跟别人产生一种距离感。蔡铭超：和佳士得没什么沟通在这一错综复杂的热点事件中，佳士得方面的态度也是民众关注的焦点之一。但佳士得方面却表现得很低调，在通过媒体表示延长蔡铭超付款日期后，一直拒绝透露接下来可能采取的措施。作为佳士得的VIP客户，蔡铭超此前曾与该公司有过不少生意上的往来。但在此次事件中，佳士得仅仅是按常规给了蔡铭超一个成交确认书，没有其它方面的沟通。    相关专题：    相关报道：    圆明园兽首另两位竞拍者曾拟买下归还中国    视频：冯小刚谈拍卖圆明园兽首事件称法国无耻    追索圆明园兽首大事记    圆明园兽首神秘买家现身 称将拒付拍卖款(图)    圆明园兽首拍卖续：律师团将在中法两国起诉    圆明园兽首铜像2.7亿人民币天价成交
财经	林肯邮票拍出近200万美元高价 新华网华盛顿4月17日电  据此间媒体17日报道，美国佐治亚州一名男子收藏有逾1万枚印有美国第16届总统亚伯拉罕·林肯形象的邮票，日前这些邮票在纽约的拍卖会上拍出了近200万美元的高价。据报道，这名林肯邮票的收藏者是现年67岁的威廉·J·安思沃斯，他花了30多年时间来收集这1万多枚邮票。达拉斯一家画廊机构17日举办了一场拍卖会，来自世界各地的买家参与竞拍。结果，这些具有纪念意义的邮票拍出了近200万美元的高价。在此次被拍出的邮票中，有一套邮票别具意义。这套每张90美分、共8张的邮票以林肯形象的硬币为主题，但其中主人公的形象不知何种原因被印颠倒了。把林肯形象印错的邮票现存有两套，这套错票拍出了14.9万美元。此外，一套1869年竖版6张的林肯邮票也拍出了8.6万美元的高价。
财经	古玩收藏与股票的价值投资韩庆峰古玩收藏与股票的价值投资有什么关系呢？二者虽属不同领域，却颇有异曲同工之妙。古玩收藏与股票的价值投资都是一项复杂的、依靠智慧进行投资的活动，集资本、知识与经验于一体，皆能使财富保值、增值。要想成功地收藏和投资，一要货真，二要价实，三要靠时间才能增值。古玩收藏的第一步，也是最重要的一步，就是辨伪，即鉴别藏品是真品还是赝品。收藏者必须具有识货的能力。如果没有过硬的眼力，用古玩界的行话来说，就有可能“打眼”(指判断有误而买了假货)或“吃药”(也是指买家看走了眼)。而眼力则是靠知识和经验积累所形成的一种判断能力。迄今为止，还无法用完全客观量化的科学方法鉴定一件古玩藏品的真假，而必须靠人的眼力结合主客观的综合判断。股票虽没有真假之分，但上市公司却有优劣之分。价值投资的第一步，也是最重要一步，就是判断公司是否具有持续的核心竞争优势，并且盈利能力不断成长。如果不具有识别公司好坏的能力，就要经常“交学费”，就有可能亏损。评价上市公司的优劣、竞争能力的强弱，也同鉴别古玩一样，不能够完全客观量化，而必须从多个方面综合判断。假如两者都能完全科学量化的话，也许古董就不再是古董，股票也不再是股票了。一家具有持久核心竞争优势的“超级明星”企业与一件珍贵的稀世藏品一样，一定具有“不可复制性”与“稀缺性”。与辨伪一样，对古玩投资者来说，估价也同样重要。不能仅仅因为是真品，就不论贵贱买入。只懂辨伪而不熟悉市场行情，就很可能多花冤枉钱。反之，如果独具慧眼并且具有估价能力，就很可能有“捡漏”的机会——花较少的钱买到贵重的货。“捡漏”是古玩界的行话，就是古玩卖家不懂，好东西未被重视，行市也不明，买家花较少的钱买了物超所值的东西，拣了便宜。股票的价值投资又何尝不是如此？只有公司盈利能力具有确定性时，估值才有意义。仅仅具有持续核心竞争优势，也并不等于一定有投资价值。只有这家公司的市场价格相对于其内在价值大打折扣时，也就是存在“安全边际”时，才是买入的时机。“安全边际”对股票价值投资者而言，就是另一种意义上的“捡漏”。古玩估价与股票估值一样，既是科学，又是艺术，是科学中的艺术，是艺术中的科学。古玩收藏与股票的价值投资一样，都只青睐有准备的人。另外，对古玩投资者来说，既然是收藏，那么，时间就是最好的朋友。它一定是着眼于“长线”的，是用时间和知识来换取财富的。对股票的价值投资来说，也是一样，也要靠时间来发现价值——“时间是优秀企业的朋友，是平庸企业的敌人”。从这个意义上说，古玩收藏也是一种价值投资，而股票的价值投资某种程度上也是“企业收藏”，二者都遵循一个共同的公式：“良好的心态”＋“时间”＝“成功”。
财经	业内人士曝假文物骗钱套路：我们都觉得可笑“文物”贩子屡屡得手“看了你们的报道后，我更觉得自己花1500块钱买的这个宝鼎可能是假的。”昨日，江夏李先生给本报打来电话称，他于今年4月底，在江夏豹?镇碰到一个操外地口音的男子，向他推荐祖传宝鼎。“他说自己是河南人，家里孩子得病，不得已才卖传家宝。”李先生介绍，当时该男子打开包裹后鼎上面还有泥土，自己用力地擦了一下，泥土粘得很结实，感觉不像假的。记者请当地文物专家鉴定后，确认该鼎系用铅制作，“这不是个别现象，我们今年已经接到5例买到假文物的投诉了。”江夏工商执法人员夏松涛介绍。“经常有骗子在门口行骗，我们都觉得可笑。”香港路古玩市场品泉轩老板告诉记者，有一次，一个操北方口音的男子就在他们店面的门口卖“双龙戏珠”玉器，内行人一看就知道是树脂做的，进货价在30块钱左右，但那个男子要价2000元，一个婆婆开价600元，该男子边喊“倒霉了，这么便宜”边忙着收钱。业内人士曝假文物骗钱套路经一番联系，记者与一名曾与骗子打过交道的内行人取得联系。该人士向记者揭秘了文物骗子的套路，目前散布在武汉大街小巷的文物骗子多是有组织的，一般在车站、文物市场、商业繁华路段等地“摆摊”，用报纸、旧衣物包裹。目前武汉出现的假文物一类是金属制品，如鼎、战国方盒、案器座等；一类是玉器，包括玉双犀首、玉瓶式佩；还有一类是字画，如清明上河图等。金属类的假文物主要是用铅制作，点缀些墨绿色的斑点伪装铜锈(有的泼上酸性溶液产生锈迹)；玉器则多是用树脂、滑石粉、立德粉制成，糊上泥土烧制；字画则是上面泼上酱油后晒干……上述假文物主要来源于河南的一些工艺厂，进价20元—500元之间。“前段时间武汉有一个假文物窝点，老板聘用一些40多岁的农民到处行骗，给个底价，被聘者售价高出底价部分归自己。他们打一枪换一个地方，一段时间后就会离开武汉。”此外，还有一些“个体户”骗子，也是采取打一枪换一个地方的方式行骗。“个体户”目标主要为农村老年人，有组织的骗子主要欺骗城市人，但欺骗方式相似。
财经	佳士得169万英镑拍出赝品画作据新华社电 俄罗斯官员说，英国佳士得拍卖行3年前以169万英镑(约合270万美元)拍出的一幅画作系赝品。英国《星期日泰晤士报》21日报道，佳士得拍卖行3年前在伦敦拍出的这幅画作名为《宫女》，号称由俄艺术家鲍里斯·库斯托季耶夫创作。然而，俄文化监督部门却已把这幅画列入赝品清单。俄罗斯文化监督部门得出结论说，这幅画并非由库斯托季耶夫创作，而是出自一名名不见经传的画师之手。这一说法获俄罗斯两家博物馆支持。不过，俄罗斯文化监督部门表示，佳士得拍卖行并非蓄意拍卖伪造品，而是同样被蒙在鼓里。“我们认为这只是冰山一角，”俄罗斯文化监督人员弗拉迪米尔·罗斯钦说，“俄艺术品市场充斥着大量赝品。”报道说，《宫女》画作买主已要求佳士得退款，佳士得方面则承诺调查。
财经	古今通宝是骗子还是创新者两起官司，铺天盖地的媒体报道，让今年的古玩收藏市场变得格外“火热”。估价几百万的藏品两年都卖不出，还被收取了不菲的托管费——今年1月、4月，两位“恼火”的藏家先后将广州古今通宝展览交易中心(下称“古今通宝”)告上了法庭。而被告方也连呼冤枉：我们明明是想创新古玩界交易模式，凭什么因藏品卖不出就被扣上“诈骗公司”的“帽子”？沸沸扬扬的纠纷，至今仍在等待法院的一纸判决。而在古玩收藏界，由此引发的思考和争论难平。古今通宝到底是“创新经营模式”，还是古玩行业“最大的骗子”？谁才拥有古玩鉴定的最终话语权？藏家：“古今通宝是‘高级诈骗’”家住广州市天河区的许洋，现在正对着她那13件曾被估出“天价”却又拍卖不出去的“古董”发愁。让她更郁闷的，是法院的判决迟迟下不来。她急于和另一位相同遭遇的四川“藏友”李尧“讨一个公道”。“按照规定，李尧案件的一审判决应该是6月10日出来的，现在都过去十来天了，还是悄无声息。打电话过去问，法院只是一再地叫我们再等等。”许洋无奈地告诉记者，由于没有过类似先例，“成都李尧案”自然而然也就成了“业内第一案”。许洋向《中国经济周刊》叙述了事件的始末。2007年3月，许洋带着19件藏品到广州古今通宝进行鉴定。“古今通宝安排了一名叫黄其昌的专家给我的13件藏品做鉴定，价格从10万元、20万元到上百万元不等。”据了解，这13件藏品的总估价是700多万元，其中，她的一对花瓶被专家鉴定为“宣德官窑青花釉里红瓶肩盘龙大赏瓶”，估出了438万元的高价。在交了两万多元“鉴定证书费”后，许洋与古今通宝签订了拍卖托管合同，将藏品委托给古今通宝拍卖。2007年3月和4月间，双方共签订了8份包括全托管、大拍展览和小拍展览的协议，各项费用总计74720元。一年中，这些藏品一再降价，总价喊到了30万元，依然无人问津。2008年8月，许洋在要求收回藏品未果的情况下，注销了与古今通宝签订的拍卖托管合同。今年4月15日，认为自己“被古今通宝和鉴定专家合伙诈骗了数万元证书费、手续费”的许洋，向广州市越秀区人民法院提交诉状，请求撤销与古今通宝所签的8份协议，退回相关费用74720元，并索赔23000元。“古今通宝当初白纸黑字承诺过，保证拍出。”许洋向记者出示了她一直保存的收费凭据、鉴定证书以及合同。记者看到，在古今通宝“全托管”收费标准的备注栏，的确写着“一经选中，保证拍出”字样，但这一条在其随后签订的托管合同中却并没有体现。这么明显而关键的区别，为何许洋在当初签订合同时却丝毫没有发现、没有提出疑问？对此，许洋解释说，在古今通宝的信誓旦旦下，当时她对古今通宝已经采取了完全信任的态度。“而且他们的业务员游说得太厉害了，简直由不得我不信。”和许洋类似，2007年，四川农民李尧的一件瓷器在成都古今通宝被鉴定专家黄其昌鉴定为南宋龙泉精品，估价500万元。李尧于2007年9月7日与该公司签订协议，向公司缴纳了服务费11800元，委托该公司代为拍卖、展示、包装、保管、交易和销售。但之后该瓷器降价到10万元仍卖不掉。2008年11月3日，双方商议后将瓷器送到了“北京中博文物检测鉴定中心”做检测，检测结果是李尧的瓷器并非南宋龙泉精品，只是清代晚期作品。2008年12月20日，盛怒之下的李尧将一篇题为《古今通宝是狼，古今专家是狈》的帖子挂上了古今艺术网，痛斥古今通宝“与专家狼狈为奸，以鉴定的方式把赝品鉴定为真，把不值钱的鉴定为国宝级的，以达到骗取托管费的目的。”截至6月21日，共有74854人次浏览了该帖，回帖达3650条，网友在论坛展开了“唇枪舌战”，有的斥责古今通宝是“骗子”，有人大骂李尧“疯狗”、“无赖”，言辞异常激烈。“古今通宝就是诈骗，而且还是高级诈骗，行骗网络遍布全国！”电话里，李尧非常气愤地告诉《中国经济周刊》记者，自从他把手机号码在帖上公开后，每天都能接到十多个来自全国各地的“受骗藏友”的电话，“姓名、号码我都记录、保存下来了，目前已有700多位。”李尧告诉记者，早在许洋上诉之前的今年1月，他已经一纸诉状，以合同欺诈为由把古今通宝告上了成都市高新区人民法院。古今通宝：“藏品拍不出，我们也亏本”3月22日，央视《今日说法》对李尧与古今通宝的这场纠纷进行了报道，紧接着，成都电视台、南方电视一台、南方电视二台、羊城晚报、广州日报等媒体均进行了相关报道，“古今通宝诈骗案”变得广为人知。古今通宝究竟是一家什么样的公司？6月15日，记者走进了古今通宝总部——广州古今通宝展览交易中心。“没想到，国内投资环境这么恶劣，媒体也一边倒，早知道这样，当初根本就不会回国投资了。”古今通宝董事长王琳珊对记者抱怨。据王琳珊介绍，她出身于军人世家，早年在新加坡创业。前几年，看到国内收藏热兴起，而国内古玩收藏、交易市场还十分不成熟，导致大量文物流失国外，觉得十分心痛，便决定回国投资，于2006年6月创建了古今通宝。在王琳珊看来，国内古玩市场原有的商业形态十分守旧，对古玩的交流非常不利。“就比如说北京最大的潘家园市场、广州的西关古玩市场，这种专业市场有很明显的局限性，几百个老板，几百种思想、做法，各有各的道。”“传统古玩行业有一句老话，‘三年不开张，开张赚三年’，这说明古玩收藏是一个信息严重不对称的行业，透明度低，‘水太深’，很多老百姓手中收藏了有价值的古玩，却只能观望，不敢轻易进入市场。”王琳珊说，闭塞的行业现状，让她有了创建一种古玩界“全新交易模式”的想法。“古玩是一种文化的载体，而文化的东西，是一定要交流的，中国正缺少这样的一个古玩交流平台。因此，我回国投资的理想，是要建立一个全国最大的、品牌的、连锁的古玩艺术收藏品交易、服务平台，把所有的检测、鉴定、展览、保管、拍卖、交易功能都嫁接到这个平台上，并且要在全国每个省都建设几千平米的分店，使古今通宝成为一个可信的、可流动的平台，为古玩收藏爱好者提供阳光、透明的 ‘六位一体’一站式服务。”王琳珊表示，她的目标，是要打造古玩行业的“国美”、“苏宁”，做成中国的“艺术品超市”。“古今通宝创造了业界新的经营模式，与之相随的，也创造了新的收费模式。”王琳珊说，比如，拍卖公司是事前不收费，拍卖完成后收费，而古今通宝是事前收取服务费，两者是一前一后的区别。“但是，拍卖公司即使流拍，也要收取佣金，而且仅在开拍前三天展出藏品。但古今通宝是不收流拍费的，而是事先一次性收取一定服务费后，无偿提供服务直到藏品拍卖出为止，拍出再收取一定比例佣金。”对于“古今通宝勾结鉴定专家诈骗鉴定费、服务费”的说法，王琳珊气愤地表示，纯粹是“断章取义”。“拍卖佣金才是古今通宝真正的盈利目标，是大头，服务费只是小头。”王琳珊说，“我们要想赚钱，就必须尽快给客户把藏品卖出去，否则就要赔钱。前期的展览、宣传、保管，我们投入的成本也很大，收取相关费用基本实现保本，如果时间长了还拍不出去，我们甚至是要亏本的。”对于古今通宝“四处行骗”的非议，古今通宝广州分公司经理刘鸿江回应说，古今通宝2006年6月才成立，2007年7月7日，上海、成都、昆明三家分公司同时开业，到目前为止在全国有15家分公司，发展速度如此之快，根本不可能是靠盈利实现的“滚动式”发展，完全是王琳珊“掏老本”做的扩张。刘鸿江给记者算了笔账，平均每家店面租金、安防、装修(不包括员工工资)前期投入都在四、五百万元左右，在全国有一、两千员工，仅广州一年就实现税收200多万元。“诈骗公司，都是卷一把就走的，如果我们是诈骗，怎么可能越开越大，走南闯北在全国各地开了十几家分公司，聚集成千上万的客户呢？”刘鸿江语气激动地说，“三年来，我们投入了大量的人力、物力、财力来搭建这样一个平台，试问，我们有必要拿几千万、甚至上亿的成本，去行骗吗？有没有这么傻的骗子？”“事情发生这么久，我们照样打开门做生意，为什么？这足以说明我们在法理上是站得住脚的。”王琳珊告诉《中国经济周刊》记者，尽管公司仍在照常营业，但公司的声誉已遭到了极大的破坏，也造成了重大的经济损失，“台湾、香港、山东各地本来有好几家投资合作伙伴，现在都已停止了谈判，其中仅山东一家，直接投资额就达1000万，我们连30万定金都付了的，现在也只得暂停。”王琳珊表示，古今通宝不会动摇自己的经营信念，古今通宝的长远目标，是要做成上市公司。“上市公司透明，公信力、可信度高，而收藏界，是最注重信誉的，上市有利于公司的长远发展。但是，信誉不是靠一家企业来完成的，要靠所有参与其中的人来共同遵守行业规则。”古玩估价：谁掌话语权？藏品“流拍”引发的争议，至今仍在继续。藏家有“据”，而古今通宝也有自己的“理”。业内人士认为，剥开错综复杂的外壳，双方争论的焦点，其实就在：古今通宝究竟需不需要为鉴定结果负责？对此，李尧和许洋坚持认为，做鉴定的专家是公司安排的，公司和专家是合作关系，古今通宝理应负责，“专家可能故意将估价提高，以方便公司按价格收取高额服务费”。而王琳珊则回应说：“古今通宝只是一个文化艺术品的交流平台，只负责藏品的展览、推广和宣传，专家鉴定结果这类专业性的问题，不是古今通宝能决定的。李、许都是自愿签的合同，理应对自己行为负责，而且古今通宝已按照合同约定提供完全部服务，并没有违反合同的行为。”刘鸿江亦表示，古玩鉴定，没有固定的标准，任何一个专家都只能凭借自己的经验来做出判断。“即使是最顶级的鉴定专家，也可能有‘看走眼’的时候，判断失误是比较常见的。”记者又与此案中的鉴定专家黄其昌取得了联系。黄其昌表示，藏品能否卖出去是市场行为，不能说卖不出，就说鉴定是假的。“我自己研究古玩也有二三十年了，我的鉴定是根据国际上的拍卖行情作出来的，不是编的。”古今通宝的另一位鉴定专家邓长兴则向《中国经济周刊》表示，他们都是从专业鉴定机构退休的，退休工资颇丰，选择来到古今通宝完全是为了继续自己热爱的古玩鉴定事业，而不是图钱。对于古玩鉴定的“话语权”问题，中国国家博物馆副研究员、文物鉴定专家张燕燕对《中国经济周刊》表示，目前古玩等艺术品行业需要规范，藏家要提高知识水平和端正心态。张燕燕表示，目前社会古董鉴定行业比较杂，真正的专家少，缺少国家级专家和鉴定机构。随着中国社会涌现收藏热，各地的鉴宝活动越来越多，藏家都希望自己的藏品估价高。在多方因素影响下，很多古董被估的价位都高于市场价，在拍卖时候，才知道市场不认同这价格。“所以说，不能单纯看专家的估价，藏品价格要由市场去检验。有些藏品虽然同类，但东西的品质不一定一样，也不能单纯以同类的价格为估价依据。”对于藏家，张燕燕也提出衷告：“玩古玩收藏的人，应该具备三个基本条件：一定的专业知识，一定的经济实力，良好的收藏素质。要端正自己心态，那种等着一件藏品带来‘一夜暴富’的投机心态，是不行的。”广东省政府参事、省收藏家协会主席陈少湘也提醒藏家说，收藏品拿去鉴定、拍卖，事前都应该打听对方的社会信誉如何，拍卖不成功收费与否亦可与拍卖行事前约定的。对于自己被鉴定过，准备拿去拍卖的藏品，收藏者也不能只听某鉴定专家、某拍卖公司所言值多少钱，还应该通过上网、媒体以及中间收藏家等了解相关行情。
财经	2009年春拍艺术品市场大盘点(附表)文/本刊记者 黄罗维文前提要：2009年的春拍已经落下了帷幕，从市场成交的情况来看，其也明显出现了分化的走势。其中当代艺术品的价格回落明显，而一些名家精品的表现则依然稳健，这也给我们未来艺术品投资提供了很好的可借鉴的思路。成交总额有所下降2009年的春拍结束了，从总体成交来看，根据雅昌艺术市场监测中心的统计，2009年春季延续2008年秋季的下降趋势。成交总额同比2008年春季减少564,378万元人民币，降幅约为45.04%；环比2008年秋季拍卖会下降73,337万人民币，降幅约为9.63%。相比去年秋拍，中国书画类成交总额在市场总量下降9.63%的状况下上升39.29%，达到近34亿元人民币成交额，成交比率更是上升了17个百分点达到63%，成为各家拍卖公司的主要“生产力”，特别是近现代书画和古代书画表现尤为出色，这也给金融危机下连续不振的艺术品市场注入了新的热点。中国书画自2005年开始风头完全被油画及当代艺术盖住，表现一直中规中矩，成熟平稳。正所谓厚积薄发，今年秋天的拍卖市场，相信中国书画会有更抢眼的表现。相比较起来，油画及当代艺术在价量齐跌的情况下则显得市场信心明显不足，虽然成交率有一定的提高，但依然显示出市场浓重的观望气氛。而从高价拍品前100件的具体情况分析，其中瓷杂41件，中国书画35件，油画及当代艺术24件。雅昌艺术市场监测中心分析认为，从高价拍品数量可看出，其实重要艺术家的重要作品价位仍然不低，而过去齐涨齐跌状况下“搭便车”的现象将不复存在，市场逐步趋于理性。另外从前100名高价成交拍品的分类比例来看，中国书画增长最快，从4.87%上升至9.15%，主要的增幅贡献都来自于古代书画。表1  2009年春季成交价格前20位拍品当代艺术回落明显从刚刚过去的春拍来看，当代艺术品的回落已是不争的事实。根据雅昌艺术市场监测中心的统计，中国当代艺术18指数延续并加速了2008年秋拍以来的跌势，同比下跌达到50.7%，较上个拍卖季环比下跌42.6%。仅仅经过2个季度的下跌，就将4年来的升势拦腰折断。成交额也进一步锐减至17,159万元人民币，较最高时期的成交额减少82%，比上季减少30%。18位炙手可热的昔日明星艺术家几乎全盘泛绿，下跌幅度也都以4~5成为主。这主要的原因还是在于油画及当代艺术这些年来的市场取向有一定问题，油画及当代艺术更多的是面对了拍卖市场的新增客户，这部分客户也以投资甚至投机作为参与拍卖市场的首要目的。与中国书画稳定性的收藏群体相比，油画及当代艺术经过这一轮的调整会渐渐趋于理性，同时无论是艺术家还是作品都会进行深入的结构性调整。反观中国书画400指数在2009年春季相较其他品类保持了比较稳定的市场表现，不但没有在国际金融危机的影响下掉头向下，反而在去年秋拍1396点的基础上上扬86点，达到1482点。更值得关注的是，在拍卖市场总成交额同比下降45.04%，环比下降9.63%的情况下，中国书画400指数的成交金额迅速放大，从去年秋拍的80,189万元人民币增长到今年春拍的160,387万元人民币，同比增长达26.8%，环比增长幅度更高达100%以上。虽然中国书画400指数中涉及到当代书画、近现代书画和古代书画三大板块，并且各自表现不同，但总体态势显示出中国书画这一品种在中国市场具有深厚的土壤和市场基础。表2 当代18艺术家价格指数变动表名家精品表现稳健不过与此同时，名家精品走势的表现还是非常平稳。从近现代24位艺术大家的综合指数看，24位艺术家作品基本上都飘红上涨，成交比率也维持在较高的水平，其中齐白石和张大千是每季拍卖都过亿的艺术家。全国24人成交达8.7亿元人民币，较去年秋季拍卖的5.6亿元还增加3.1亿元。在所有分类指数中，该指数表现一直非常强劲，其增长速度远远超过其它中国书画分类指数。拍卖市场说到底还是个高端市场，因此名家名作持续增长的态势会仍旧延续。相对来说，由于近现代部分的成交件数远远高于其他门类，仅仅24人就达到了1778件，加之雅昌指数仅仅选择了20家大型拍卖公司的大型拍卖会作为样本，其可参照程度显得更高。艺术家作品每季度的成交总额体现了艺术家个人作品在美术作品市场的份额和规模，中国艺术品市场个人艺术家成交总额一般维持在不到2亿人民币的数量级，也基本集中在齐白石、张大千、李可染、徐悲鸿等近现代艺术家、张晓刚、赵无极等油画及当代艺术家、八大山人等古代艺术家作品中。今年春拍的情况也不例外。近现代书画部分，齐白石作品位居该类首位并全部100人的首位，总成交金额1.98亿元人民币，平均单件成交44万元，较去年秋拍的张大千平均50万元的单价稍微有所下降。油画及当代艺术部分变化较大。去年秋拍前100名艺术家中有32位油画及当代艺术家，而今年这个数字缩减到只有23人，而从平均价来看，去年秋是489万元，今年春是321万元，下降幅度34%。古代中国画家作品在前100名艺术家中有31人入围，去年秋拍只有23人，平均价去年秋拍是267万元，今年春是463万元，一系列数据都充分表明了古代书画在今年拍卖市场中的优势地位。表3 部分近代艺术名家价格指数变动表   已有_COUNT_条评论  我要评论
财经	圆明园将赴海外寻流失文物 负责人称不是追讨新快报讯 据《法制晚报》报道，圆明园将首次到海外大规模摸底流失文物，一年内将向社会公布收获情况。圆明园管理处介绍说，本月，他们将派专人到美国、欧洲、亚洲，对散落在国外的文物进行考察收集，包括收集各种圆明园文献、照片和考察各大博物馆内圆明园的文物。“圆明园的物品清单在大火中被烧毁，截至目前，到底还有多少圆明园遗物存在，到底在哪里，世界上还没有一个总的目录。”圆明园管理处陈名杰主任介绍，寻找搜集流失海外的圆明园文物及历史资料后，将建成资料数据库。圆明园管理处主任陈名杰表示，此行动不是追讨文物，而是搜集资料、摸底。   已有_COUNT_条评论  我要评论
财经	国家文物局称拟补偿中国流失文物善意持有人“中国政府一贯主张通过法律和外交手段，按照国际社会处理非法流失文物返还问题的法律框架和原则，依靠国际合作，依法追索非法流失海外的中国文物。”23日，国家文物局局长单霁翔在北京国子监对媒体记者作如上表示。当日下午，美国华裔收藏家范季融、胡盈莹夫妇捐赠文物交接仪式在国子监举行，其捐赠的9件秦公晋侯青铜器，均为上世纪90年代非法流失海外。单霁翔说，中国文物流失时间跨度较大，流失原因较为复杂。在文物追索工作中应当区分不同情况、综合运用外交、法律和国际合作等多种方法。国家文物局通过近年来的文物追索实践，已初步形成综合运用多种方法的工作机制。据他介绍，对于当前因盗窃、盗掘、走私出境的中国文物，主要按照国际公约，通过法律和外交途径索回，“比如，1998年，我们从英国成功追索3000多件走私出境的中国文物；2001年，从美国成功追索被盗掘的五代王处直墓彩绘浮雕武士石刻；2008年，从丹麦成功追索156件中国出土文物。”“与此同时，我们欢迎和鼓励境外友好机构和人士，包括爱国华人华侨，捐赠、归还流失出境的中国文物。在不放弃流失文物所有权的前提下，按照国际公约精神和惯例，适当考虑善意文物持有人得到公正合理的补偿，以促成更多的流失文物回归祖国。”单霁翔说，“近年来，通过与国外有关博物馆和收藏者的沟通、合作，已使多批流失文物归还中国，包括这次范季融、胡盈莹夫妇将9件青铜器捐赠给国家。”谈及不久前境外拍卖公司拍卖乾隆玉玺一事，单霁翔再次重申：“中国政府高度重视和关心流失海外中国文物的问题，支持非法流失文物返还原属国，反对拍卖被劫掠和非法流失的中国文物，不赞成境内机构和个人购买此类文物。我们呼吁各国拍卖机构遵守相关国际公约精神和职业道德准则，不唯利是图，尊重文物流失国人民的感情。”“保护文化遗产，促进文物返还原属国，是国际社会的高度共识，更是人类社会正义和文明发展的必然趋势。我们将积极地通过外交和国际合作，加快解决历史上流失海外文物的返还问题，充分阐述中国追索非法流失文物的原则立场，增强中国在国际文物返还领域的话语权，维护中国的文化权益。”单霁翔强调。
